Time,Route,Location,Person,Hour,Day,Month,Year,Gender,Situation
18/12/07 07:24,東北本線,陸前山王駅,,7,7,12,2018,,
18/12/07 05:21,中央快速線,三鷹駅,,5,7,12,2018,,
18/12/07 00:15,JR宝塚線,新三田駅,,0,7,12,2018,,
18/12/06 21:29,南武線,稲田堤駅,男性 / 30代 / 死亡,21,6,12,2018,1, 死亡
18/12/06 19:06,篠ノ井線,川中島駅,,19,6,12,2018,,
18/12/06 18:11,中央本線,土岐市駅,,18,6,12,2018,,
18/12/06 17:36,東武スカイツリーライン,北越谷駅〜大袋駅,,17,6,12,2018,,
18/12/06 12:42,学研都市線,大住駅〜松井山手駅,,12,6,12,2018,,
18/12/05 17:02,南海本線,七道駅,女性 / 10代 / 死亡,17,5,12,2018,0, 死亡
18/12/05 15:39,近鉄大阪線,松塚駅〜真菅駅,女性 / 70代 / 死亡,15,5,12,2018,0, 死亡
18/12/05 13:14,京阪本線,橋本駅〜樟葉駅,男性 / 死亡,13,5,12,2018,1, 死亡
18/12/04 16:17,東武東上線,森林公園駅,男性 / 死亡,16,4,12,2018,1, 死亡
18/12/04 10:17,中央・総武緩行線,小岩駅,,10,4,12,2018,,
18/12/04 00:36,中央快速線,八王子駅,,0,4,12,2018,,
18/12/03 22:01,大和路線,高井田駅〜柏原駅,男性 / 死亡,22,3,12,2018,1, 死亡
18/12/03 12:27,京急本線,汐入駅,女性 / 50代 / 重傷,12,3,12,2018,0, 重傷
18/12/02 20:24,東海道線,鷲津駅,,20,2,12,2018,,
18/12/02 16:49,琵琶湖線,彦根駅〜南彦根駅,女性 / 50代 / 重傷,16,2,12,2018,0, 重傷
18/12/02 10:23,常磐線,小木津駅,女性 / 死亡,10,2,12,2018,0, 死亡
18/12/01 18:20,松浦鉄道西九州線,江迎鹿町駅〜高岩駅,女性 / 軽傷,18,1,12,2018,0, 軽傷
18/12/01 16:45,東海道線,大垣駅〜垂井駅,,16,1,12,2018,,
18/12/01 10:51,京王線,芦花公園駅〜千歳烏山駅,,10,1,12,2018,,
18/11/30 17:49,中央・総武緩行線,津田沼駅,女性 / 70代 / 死亡,17,30,11,2018,0, 死亡
18/11/30 16:35,宇都宮線,赤羽駅,,16,30,11,2018,,
18/11/30 15:17,中央快速線,国分寺駅,女性,15,30,11,2018,0,女性
18/11/30 11:42,山陽本線,西広島駅〜新井口駅,女性 / 10代 / 死亡,11,30,11,2018,0, 死亡
18/11/30 11:24,山陽本線,西阿知駅〜新倉敷駅,男性 / 死亡,11,30,11,2018,1, 死亡
18/11/29 22:39,東武東上線,川越市駅〜霞ヶ関駅,,22,29,11,2018,,
18/11/29 16:00,京浜東北線,西川口駅,,16,29,11,2018,,
18/11/29 14:07,京成本線,谷津駅,女性 / 死亡,14,29,11,2018,0, 死亡
18/11/29 08:23,東武スカイツリーライン,幸手駅〜南栗橋駅,女性 / 30代 / 死亡,8,29,11,2018,0, 死亡
18/11/29 05:07,東武アーバンパークライン,梅郷駅〜運河駅,女性 / 死亡,5,29,11,2018,0, 死亡
18/11/28 23:21,阪急宝塚本線,岡町駅,,23,28,11,2018,,
18/11/28 22:06,伊予鉄道横河原線,松山市駅〜いよ立花駅,女性 / 80代 / 無傷,22,28,11,2018,0, 無傷
18/11/28 18:00,伊予鉄道横河原線,牛渕団地前駅〜梅本駅,男性 / 50代 / 軽傷,18,28,11,2018,1, 軽傷
18/11/28 08:16,常磐線,水戸駅〜勝田駅,男性 / 死亡,8,28,11,2018,1, 死亡
18/11/28 06:54,中央快速線,日野駅,,6,28,11,2018,,
18/11/27 10:31,宇都宮線,大宮駅,,10,27,11,2018,,
18/11/27 06:34,瀬戸大橋線,大元駅,男性 / 死亡,6,27,11,2018,1, 死亡
18/11/26 22:55,南海高野線,萩ノ茶屋駅,,22,26,11,2018,,
18/11/26 22:15,真岡鐵道真岡線,七井駅〜多田羅駅,男性 / 死亡,22,26,11,2018,1, 死亡
18/11/26 17:05,阪急神戸本線,岡本駅〜御影駅,女性 / 70代 / 死亡,17,26,11,2018,0, 死亡
18/11/26 16:40,東急大井町線,北千束駅,,16,26,11,2018,,
18/11/26 14:35,東武アーバンパークライン,新柏駅〜増尾駅,男性 / 死亡,14,26,11,2018,1, 死亡
18/11/25 23:22,西武新宿線,田無駅〜花小金井駅,,23,25,11,2018,,
18/11/25 17:12,秩父鉄道秩父本線,ソシオ流通センター駅〜熊谷駅,,17,25,11,2018,,
18/11/25 11:56,秩父鉄道秩父本線,上長瀞駅〜親鼻駅,,11,25,11,2018,,
18/11/24 11:07,横須賀線,武蔵小杉駅,,11,24,11,2018,,
18/11/23 19:53,学研都市線,鴫野駅,女性 / 40代 / 死亡,19,23,11,2018,0, 死亡
18/11/23 17:43,総武快速線,津田沼駅〜稲毛駅,男性 / 20代 / 死亡,17,23,11,2018,1, 死亡
18/11/23 00:12,東海道線,逢妻駅,,0,23,11,2018,,
18/11/22 23:04,名鉄三河線,平戸橋駅〜猿投駅,,23,22,11,2018,,
18/11/22 21:27,京急逗子線,六浦駅〜神武寺駅,男性 / 無傷,21,22,11,2018,1, 無傷
18/11/22 16:36,京浜東北線,上中里駅,,16,22,11,2018,,
18/11/22 16:21,西武池袋線,椎名町駅〜東長崎駅,,16,22,11,2018,,
18/11/22 15:00,JR京都線,高槻駅,女性 / 70代 / 軽傷,15,22,11,2018,0, 軽傷
18/11/22 12:32,東武東上線,東武練馬駅,,12,22,11,2018,,
18/11/22 07:06,阿武隈急行線,北丸森駅〜南角田駅,女性 / 80代 / 死亡,7,22,11,2018,0, 死亡
18/11/21 09:31,阪急千里線,柴島駅〜天神橋筋六丁目駅,無傷,9,21,11,2018,無傷,無傷
18/11/20 17:12,青梅線,昭島駅,,17,20,11,2018,,
18/11/20 15:16,総武本線,横芝駅〜飯倉駅,女性 / 死亡,15,20,11,2018,0, 死亡
18/11/20 11:19,学研都市線,京田辺駅〜大住駅,,11,20,11,2018,,
18/11/19 17:45,東海道線,清水駅,,17,19,11,2018,,
18/11/19 13:15,JR神戸線,尼崎駅〜立花駅,男性 / 10代 / 死亡,13,19,11,2018,1, 死亡
18/11/19 03:30,東北本線,越河駅〜白石駅,女性 / 60代 / 死亡,3,19,11,2018,0, 死亡
18/11/18 20:18,久大本線,日田駅,,20,18,11,2018,,
18/11/18 19:12,中央快速線,西八王子駅〜高尾駅,,19,18,11,2018,,
18/11/17 22:42,可部線,中島駅〜可部駅,男性 / 重傷,22,17,11,2018,1, 重傷
18/11/17 19:04,鹿児島本線,西里駅〜崇城大学前駅,,19,17,11,2018,,
18/11/17 15:24,西武池袋線,清瀬駅〜秋津駅,,15,17,11,2018,,
18/11/17 15:03,鹿児島本線,九産大前駅,男性 / 死亡,15,17,11,2018,1, 死亡
18/11/17 14:33,京成本線,船橋競馬場駅〜谷津駅,女性 / 死亡,14,17,11,2018,0, 死亡
18/11/17 09:30,予讃線,市坪駅〜北伊予駅,女性 / 90代 / 死亡,9,17,11,2018,0, 死亡
18/11/16 18:35,近鉄名古屋線,霞ヶ浦駅〜阿倉川駅,女性 / 30代 / 死亡,18,16,11,2018,0, 死亡
18/11/15 22:50,東急東横線,都立大学駅〜自由が丘駅,,22,15,11,2018,,
18/11/15 17:15,東急田園都市線,梶が谷駅,女性 / 重傷,17,15,11,2018,0, 重傷
18/11/15 16:42,中央本線,高蔵寺駅〜定光寺駅,男性 / 死亡,16,15,11,2018,1, 死亡
18/11/14 21:34,東武アーバンパークライン,大和田駅〜七里駅,女性 / 40代 / 死亡,21,14,11,2018,0, 死亡
18/11/14 17:52,篠ノ井線,篠ノ井駅〜今井駅,男性 / 60代 / 無傷,17,14,11,2018,1, 無傷
18/11/14 09:24,山陽電気鉄道本線,板宿駅,,9,14,11,2018,,
18/11/14 08:12,東海道線,三河塩津駅,女性 / 70代 / 死亡,8,14,11,2018,0, 死亡
18/11/14 05:41,中央・総武緩行線,本八幡駅,男性 / 40代 / 死亡,5,14,11,2018,1, 死亡
18/11/13 17:59,近鉄名古屋線,楠駅〜長太ノ浦駅,女性 / 軽傷,17,13,11,2018,0, 軽傷
18/11/13 17:13,篠ノ井線,田沢駅〜明科駅,男性 / 70代 / 軽傷,17,13,11,2018,1, 軽傷
18/11/13 16:29,横須賀線,品川駅,,16,13,11,2018,,
18/11/13 16:00,西武新宿線,井荻駅〜上井草駅,女性 / 80代 / 死亡,16,13,11,2018,0, 死亡
18/11/13 12:10,湖西線,蓬莱駅,男性 / 50代 / 死亡,12,13,11,2018,1, 死亡
18/11/12 19:23,宇都宮線,小山駅〜小金井駅,男性 / 80代 / 死亡,19,12,11,2018,1, 死亡
18/11/12 17:33,田沢湖線,羽後四ツ屋駅,男性 / 60代 / 死亡,17,12,11,2018,1, 死亡
18/11/12 10:31,近鉄名古屋線,南が丘駅〜久居駅,無傷,10,12,11,2018,無傷,無傷
18/11/12 06:13,小田急江ノ島線,大和駅〜桜ヶ丘駅,女性 / 70代 / 死亡,6,12,11,2018,0, 死亡
18/11/12 00:13,小田急小田原線,東北沢駅,,0,12,11,2018,,
18/11/11 17:56,京王線,高幡不動駅〜南平駅,,17,11,11,2018,,
18/11/11 13:30,両毛線,桐生駅〜小俣駅,女性 / 80代 / 重傷,13,11,11,2018,0, 重傷
18/11/10 15:30,中央快速線,立川駅,,15,10,11,2018,,
18/11/09 22:12,東海道線,岡崎駅,,22,9,11,2018,,
18/11/09 18:47,小田急小田原線,螢田駅〜足柄駅,男性 / 死亡,18,9,11,2018,1, 死亡
18/11/09 17:56,西武池袋線,大泉学園駅,,17,9,11,2018,,
18/11/09 17:21,阪和線,鳳駅,男性 / 死亡,17,9,11,2018,1, 死亡
18/11/09 10:02,相鉄本線,三ツ境駅〜瀬谷駅,女性 / 60代 / 死亡,10,9,11,2018,0, 死亡
18/11/08 21:20,近鉄長野線,富田林西口駅〜川西駅,女性 / 死亡,21,8,11,2018,0, 死亡
18/11/08 18:55,宇都宮線,西那須野駅〜野崎駅,女性 / 20代 / 死亡,18,8,11,2018,0, 死亡
18/11/08 14:03,富山地方鉄道本線,下立口駅〜下立駅,男性 / 60代 / 死亡,14,8,11,2018,1, 死亡
18/11/08 13:56,長崎本線,伊賀屋駅〜佐賀駅,男性 / 死亡,13,8,11,2018,1, 死亡
18/11/08 12:12,日豊本線,西大分駅,,12,8,11,2018,,
18/11/07 22:12,西武新宿線,上石神井駅〜武蔵関駅,,22,7,11,2018,,
18/11/07 20:44,名鉄瀬戸線,矢田駅〜守山自衛隊前駅,女性 / 20代 / 軽傷,20,7,11,2018,0, 軽傷
18/11/07 19:14,西鉄貝塚線,三苫駅〜和白駅,男性 / 50代 / 無傷,19,7,11,2018,1, 無傷
18/11/07 07:28,南海本線,紀ノ川駅〜和歌山市駅,男性 / 50代 / 死亡,7,7,11,2018,1, 死亡
18/11/05 10:43,東武伊勢崎線,剛志駅〜新伊勢崎駅,女性 / 70代 / 軽傷,10,5,11,2018,0, 軽傷
18/11/04 19:54,山陽本線,西広島駅〜新井口駅,女性 / 30代 / 死亡,19,4,11,2018,0, 死亡
18/11/04 13:20,JR神戸線,三ノ宮駅,女性 / 60代 / 死亡,13,4,11,2018,0, 死亡
18/11/03 22:48,宇都宮線,宝積寺駅,男性 / 30代 / 死亡,22,3,11,2018,1, 死亡
18/11/03 17:30,上越線,浦佐駅,男性 / 10代 / 重傷,17,3,11,2018,1, 重傷
18/11/03 15:52,東北本線,岩沼駅〜館腰駅,死亡,15,3,11,2018,死亡,死亡
18/11/03 07:28,内房線,大貫駅,男性 / 80代 / 死亡,7,3,11,2018,1, 死亡
18/10/31 20:09,高山本線,各務ヶ原駅〜鵜沼駅,,20,31,10,2018,,
18/10/31 12:39,京急本線,上大岡駅,男性 / 死亡,12,31,10,2018,1, 死亡
18/10/31 11:49,横浜線,成瀬駅,,11,31,10,2018,,
18/10/30 22:07,予讃線,伊予和気駅,男性 / 10代 / 死亡,22,30,10,2018,1, 死亡
18/10/30 16:30,函館本線,ほしみ駅,男性 / 30代 / 死亡,16,30,10,2018,1, 死亡
18/10/30 13:20,南海高野線,大阪狭山市駅,男性 / 死亡,13,30,10,2018,1, 死亡
18/10/30 07:52,宇都宮線,東大宮駅〜蓮田駅,女性 / 10代 / 死亡,7,30,10,2018,0, 死亡
18/10/29 19:49,常磐緩行線,松戸駅〜北松戸駅,男性 / 死亡,19,29,10,2018,1, 死亡
18/10/29 08:24,徳島線,石井駅,,8,29,10,2018,,
18/10/28 07:14,京浜東北線,神田駅,,7,28,10,2018,,
18/10/27 14:50,中央快速線,御茶ノ水駅,,14,27,10,2018,,
18/10/27 00:46,京浜東北線,川崎駅,男性 / 死亡,0,27,10,2018,1, 死亡
18/10/26 00:12,西武池袋線,大泉学園駅〜保谷駅,女性 / 20代 / 無傷,0,26,10,2018,0, 無傷
18/10/24 10:36,予讃線,春賀駅〜五郎駅,男性 / 無傷,10,24,10,2018,1, 無傷
18/10/23 10:02,常磐緩行線,北松戸駅,男性 / 死亡,10,23,10,2018,1, 死亡
18/10/22 22:51,名鉄津島線,須ヶ口駅〜甚目寺駅,無傷,22,22,10,2018,無傷,無傷
18/10/22 10:55,江ノ島電鉄線,石上駅〜柳小路駅,女性 / 90代 / 死亡,10,22,10,2018,0, 死亡
18/10/22 08:48,山陽本線,西広島駅〜新井口駅,女性 / 30代 / 軽傷,8,22,10,2018,0, 軽傷
18/10/21 15:31,紀州鉄道線,御坊駅〜学門駅,女性 / 20代 / 軽傷,15,21,10,2018,0, 軽傷
18/10/21 05:08,小田急小田原線,本厚木駅〜愛甲石田駅,男性 / 死亡,5,21,10,2018,1, 死亡
18/10/20 23:39,京王線,桜上水駅〜上北沢駅,,23,20,10,2018,,
18/10/20 22:49,指宿枕崎線,郡元駅〜南鹿児島駅,男性 / 30代 / 死亡,22,20,10,2018,1, 死亡
18/10/20 22:04,宇都宮線,間々田駅〜小山駅,女性 / 30代 / 死亡,22,20,10,2018,0, 死亡
18/10/20 05:44,京浜東北線,大森駅,,5,20,10,2018,,
18/10/19 23:00,仙石線,下馬駅〜西塩釜駅,,23,19,10,2018,,
18/10/19 21:27,大阪メトロ中央線,九条駅,男性 / 軽傷,21,19,10,2018,1, 軽傷
18/10/19 18:37,鹿児島本線,遠賀川駅〜海老津駅,不明,18,19,10,2018,不明,不明
18/10/19 17:27,山陽新幹線,姫路駅,男性 / 30代 / 死亡,17,19,10,2018,1, 死亡
18/10/19 16:59,阪急京都本線,上牧駅,男性 / 死亡,16,19,10,2018,1, 死亡
18/10/19 08:00,高松琴平電気鉄道長尾線,池戸駅〜高田駅,男性 / 80代 / 軽傷,8,19,10,2018,1, 軽傷
18/10/19 06:54,京成本線,市川真間駅〜菅野駅,女性 / 死亡,6,19,10,2018,0, 死亡
18/10/19 06:42,徳島線,鴨島駅,男性,6,19,10,2018,1,男性
18/10/18 23:39,神戸電鉄粟生線,志染駅〜恵比須駅,女性 / 70代 / 無傷,23,18,10,2018,0, 無傷
18/10/18 15:08,JR神戸線,尼崎駅〜立花駅,,15,18,10,2018,,
18/10/18 12:03,東武東上線,大山駅〜中板橋駅,,12,18,10,2018,,
18/10/18 10:54,近鉄名古屋線,南が丘駅,女性 / 死亡,10,18,10,2018,0, 死亡
18/10/18 09:16,外房線,誉田駅,男性 / 死亡,9,18,10,2018,1, 死亡
18/10/17 22:10,境線,博労町駅〜富士見町駅,男性 / 軽傷,22,17,10,2018,1, 軽傷
18/10/17 21:57,京浜東北線,蒲田駅〜川崎駅,,21,17,10,2018,,
18/10/17 05:33,相鉄本線,三ツ境駅〜瀬谷駅,女性 / 死亡,5,17,10,2018,0, 死亡
18/10/15 21:09,京王相模原線,若葉台駅,男性 / 死亡,21,15,10,2018,1, 死亡
18/10/15 15:19,加古川線,青野ヶ原駅〜社町駅,女性 / 80代 / 重傷,15,15,10,2018,0, 重傷
18/10/15 14:48,大阪メトロ御堂筋線,江坂駅,,14,15,10,2018,,
18/10/15 12:07,相鉄本線,三ツ境駅,女性 / 50代 / 重傷,12,15,10,2018,0, 重傷
18/10/15 09:33,大阪メトロ谷町線,喜連瓜破駅,男性 / 無傷,9,15,10,2018,1, 無傷
18/10/14 15:01,東京メトロ東西線,南砂町駅,,15,14,10,2018,,
18/10/14 10:51,外房線,本納駅〜新茂原駅,男性 / 死亡,10,14,10,2018,1, 死亡
18/10/14 10:15,大阪メトロ四つ橋線,花園町駅,,10,14,10,2018,,
18/10/14 09:01,近鉄大阪線,大和高田駅〜松塚駅,,9,14,10,2018,,
18/10/13 22:21,中央快速線,吉祥寺駅,,22,13,10,2018,,
18/10/12 22:19,宇都宮線,尾久駅〜赤羽駅,,22,12,10,2018,,
18/10/12 20:15,西武池袋線,江古田駅,,20,12,10,2018,,
18/10/12 18:15,福井鉄道福武線,ハーモニーホール駅〜清明駅,,18,12,10,2018,,
18/10/12 07:57,東急大井町線,旗の台駅〜北千束駅,男性 / 10代 / 死亡,7,12,10,2018,1, 死亡
18/10/12 06:07,JR宝塚線,中山寺駅〜宝塚駅,男性 / 70代 / 軽傷,6,12,10,2018,1, 軽傷
18/10/12 05:27,阪急宝塚本線,豊中駅〜蛍池駅,男性 / 死亡,5,12,10,2018,1, 死亡
18/10/11 14:28,阪急宝塚本線,三国駅,男性 / 死亡,14,11,10,2018,1, 死亡
18/10/11 00:35,横須賀線,東戸塚駅,男性 / 30代 / 重傷,0,11,10,2018,1, 重傷
18/10/10 18:15,京浜東北線,御徒町駅,男性 / 50代 / 死亡,18,10,10,2018,1, 死亡
18/10/09 20:06,小田急小田原線,成城学園前駅,,20,9,10,2018,,
18/10/09 19:29,鹿児島本線,南福岡駅,男性 / 死亡,19,9,10,2018,1, 死亡
18/10/09 09:25,相鉄本線,二俣川駅〜希望ヶ丘駅,男性 / 80代 / 死亡,9,9,10,2018,1, 死亡
18/10/08 21:06,京成本線,堀切菖蒲園駅〜お花茶屋駅,,21,8,10,2018,,
18/10/08 20:48,大和路線,法隆寺駅〜王寺駅,,20,8,10,2018,,
18/10/08 09:48,筑肥線,下山門駅〜今宿駅,男性 / 60代 / 死亡,9,8,10,2018,1, 死亡
18/10/07 21:59,東武伊勢崎線,東武和泉駅,死亡,21,7,10,2018,死亡,死亡
18/10/07 21:24,常磐線,高浜駅〜石岡駅,,21,7,10,2018,,
18/10/07 18:57,東武東上線,東武練馬駅〜下赤塚駅,,18,7,10,2018,,
18/10/07 18:16,内房線,君津駅〜青堀駅,女性 / 20代 / 死亡,18,7,10,2018,0, 死亡
18/10/07 10:37,近鉄名古屋線,高田本山駅,女性 / 60代 / 死亡,10,7,10,2018,0, 死亡
18/10/06 22:18,仙石線,矢本駅,男性 / 30代 / 軽傷,22,6,10,2018,1, 軽傷
18/10/06 19:22,近鉄大阪線,三本松駅〜赤目口駅,男性 / 20代 / 死亡,19,6,10,2018,1, 死亡
18/10/06 18:34,西武多摩川線,武蔵境駅〜新小金井駅,,18,6,10,2018,,
18/10/06 15:07,予讃線,高瀬駅,男性 / 80代 / 死亡,15,6,10,2018,1, 死亡
18/10/06 12:28,総武快速線,馬喰町駅,,12,6,10,2018,,
18/10/06 09:50,東北新幹線,仙台駅,男性 / 20代 / 重傷,9,6,10,2018,1, 重傷
18/10/06 09:17,中央本線,山梨市駅〜春日居町駅,男性 / 50代 / 無傷,9,6,10,2018,1, 無傷
18/10/06 07:03,新京成電鉄新京成線,鎌ヶ谷大仏駅,,7,6,10,2018,,
18/10/06 04:37,青梅線,東青梅駅〜青梅駅,,4,6,10,2018,,
18/10/05 21:15,武蔵野線,東川口駅,女性 / 死亡,21,5,10,2018,0, 死亡
18/10/05 17:51,常磐線,水戸駅〜勝田駅,,17,5,10,2018,,
18/10/05 16:04,信越本線,長鳥駅〜塚山駅,男性 / 死亡,16,5,10,2018,1, 死亡
18/10/04 20:44,中央・総武緩行線,新小岩駅,,20,4,10,2018,,
18/10/04 18:32,東武アーバンパークライン,豊四季駅〜柏駅,男性 / 死亡,18,4,10,2018,1, 死亡
18/10/04 10:05,近鉄南大阪線,針中野駅,男性 / 死亡,10,4,10,2018,1, 死亡
18/10/03 19:38,総武快速線,市川駅,女性 / 軽傷,19,3,10,2018,0, 軽傷
18/10/03 18:31,京王線,飛田給駅,,18,3,10,2018,,
18/10/03 16:12,飯田線,伊那上郷駅〜元善光寺駅,女性 / 30代 / 死亡,16,3,10,2018,0, 死亡
18/10/03 15:05,阪急京都本線,総持寺駅,男性 / 死亡,15,3,10,2018,1, 死亡
18/10/03 12:18,常磐線,柏駅,男性 / 死亡,12,3,10,2018,1, 死亡
18/10/02 20:43,北総鉄道北総線,西白井駅,男性 / 80代 / 重傷,20,2,10,2018,1, 重傷
18/10/02 19:30,仙石線,陸前赤井駅〜東矢本駅,男性 / 死亡,19,2,10,2018,1, 死亡
18/10/01 19:51,西鉄天神大牟田線,朝倉街道駅,,19,1,10,2018,,
18/10/01 17:53,近鉄名古屋線,近鉄弥富駅〜近鉄長島駅,男性 / 死亡,17,1,10,2018,1, 死亡
18/10/01 10:36,阪急京都本線,高槻市駅〜富田駅,女性 / 死亡,10,1,10,2018,0, 死亡
18/09/29 13:06,京浜東北線,西日暮里駅,,13,29,9,2018,,
18/09/28 16:50,とさでん交通後免線,文珠通停留場,女性 / 軽傷,16,28,9,2018,0, 軽傷
18/09/28 06:42,京成本線,京成大和田駅,男性 / 死亡,6,28,9,2018,1, 死亡
18/09/27 22:34,琵琶湖線,彦根駅〜南彦根駅,男性 / 60代 / 死亡,22,27,9,2018,1, 死亡
18/09/27 16:25,山陽電気鉄道本線,須磨寺駅,男性 / 80代 / 死亡,16,27,9,2018,1, 死亡
18/09/27 15:38,福塩線,道上駅〜万能倉駅,女性 / 10歳未満 / 死亡,15,27,9,2018,0, 死亡
18/09/27 14:20,宇都宮線,大宮駅,女性 / 40代 / 重傷,14,27,9,2018,0, 重傷
18/09/27 05:42,名鉄河和線,知多武豊駅〜上ゲ駅,男性 / 死亡,5,27,9,2018,1, 死亡
18/09/26 23:03,相鉄本線,上星川駅,男性 / 50代 / 死亡,23,26,9,2018,1, 死亡
18/09/26 20:28,中央快速線,豊田駅〜八王子駅,女性 / 60代 / 軽傷,20,26,9,2018,0, 軽傷
18/09/25 21:52,宇都宮線,間々田駅〜小山駅,男性 / 50代 / 軽傷,21,25,9,2018,1, 軽傷
18/09/25 21:11,日豊本線,苅田駅〜小波瀬西工大前駅,男性 / 死亡,21,25,9,2018,1, 死亡
18/09/25 20:34,東京メトロ東西線,妙典駅,,20,25,9,2018,,
18/09/24 23:20,鹿児島本線,赤間駅,,23,24,9,2018,,
18/09/24 16:28,東武伊勢崎線,南羽生駅〜羽生駅,女性 / 60代 / 死亡,16,24,9,2018,0, 死亡
18/09/24 13:16,常磐線,佐和駅〜東海駅,,13,24,9,2018,,
18/09/23 22:55,埼京線,中浦和駅,男性 / 死亡,22,23,9,2018,1, 死亡
18/09/23 20:53,日豊本線,南小倉駅〜城野駅,,20,23,9,2018,,
18/09/23 17:11,予讃線,伊予桜井駅,男性 / 70代 / 死亡,17,23,9,2018,1, 死亡
18/09/23 12:06,近鉄志摩線,志摩横山駅〜鵜方駅,男性 / 80代 / 無傷,12,23,9,2018,1, 無傷
18/09/22 21:07,名鉄犬山線,石仏駅〜布袋駅,死亡,21,22,9,2018,死亡,死亡
18/09/22 20:34,中央快速線,国立駅,男性 / 10代 / 死亡,20,22,9,2018,1, 死亡
18/09/22 19:02,高崎線,北本駅〜鴻巣駅,女性 / 死亡,19,22,9,2018,0, 死亡
18/09/22 10:26,総武本線,四街道駅,男性,10,22,9,2018,1,男性
18/09/21 19:09,信越本線,長岡駅〜北長岡駅,男性 / 40代 / 死亡,19,21,9,2018,1, 死亡
18/09/21 13:54,西武池袋線,大泉学園駅,,13,21,9,2018,,
18/09/21 07:00,舞鶴線,綾部駅〜淵垣駅,女性 / 80代 / 死亡,7,21,9,2018,0, 死亡
18/09/21 05:36,山陽電気鉄道本線,林崎松江海岸駅〜藤江駅,男性 / 70代 / 死亡,5,21,9,2018,1, 死亡
18/09/20 19:04,名鉄西尾線,米津駅〜桜町前駅,女性 / 死亡,19,20,9,2018,0, 死亡
18/09/20 16:42,小湊鉄道線,馬立駅〜上総牛久駅,男性 / 10代 / 重傷,16,20,9,2018,1, 重傷
18/09/20 13:44,近鉄長野線,喜志駅〜富田林駅,男性 / 死亡,13,20,9,2018,1, 死亡
18/09/20 11:21,中央・総武緩行線,高円寺駅,,11,20,9,2018,,
18/09/20 10:17,西武池袋線,ひばりヶ丘駅〜東久留米駅,,10,20,9,2018,,
18/09/19 23:53,京王線,調布駅〜西調布駅,,23,19,9,2018,,
18/09/19 09:52,東海道線,尾張一宮駅〜木曽川駅,男性 / 無傷,9,19,9,2018,1, 無傷
18/09/18 19:51,総武快速線,千葉駅,男性 / 重傷,19,18,9,2018,1, 重傷
18/09/18 19:38,東葉高速鉄道東葉高速線,北習志野駅,男性 / 死亡,19,18,9,2018,1, 死亡
18/09/18 16:56,常磐線,取手駅〜藤代駅,女性 / 80代 / 死亡,16,18,9,2018,0, 死亡
18/09/18 08:45,京成本線,京成臼井駅〜京成佐倉駅,男性 / 重傷,8,18,9,2018,1, 重傷
18/09/18 08:44,東海道線,幸田駅,男性 / 10代 / 死亡,8,18,9,2018,1, 死亡
18/09/17 22:27,名鉄犬山線,江南駅〜柏森駅,女性 / 10代 / 死亡,22,17,9,2018,0, 死亡
18/09/17 12:00,京成本線,実籾駅〜八千代台駅,男性 / 70代 / 死亡,12,17,9,2018,1, 死亡
18/09/16 22:47,高崎線,熊谷駅〜籠原駅,男性 / 死亡,22,16,9,2018,1, 死亡
18/09/16 19:52,東急池上線,千鳥町駅〜池上駅,,19,16,9,2018,,
18/09/16 19:50,境線,河崎口駅〜弓ヶ浜駅,,19,16,9,2018,,
18/09/16 19:42,日豊本線,苅田駅〜小波瀬西工大前駅,男性 / 20代 / 死亡,19,16,9,2018,1, 死亡
18/09/16 19:22,東急東横線,大倉山駅,男性 / 50代 / 死亡,19,16,9,2018,1, 死亡
18/09/16 19:15,阪急神戸本線,六甲駅〜王子公園駅,男性 / 70代 / 死亡,19,16,9,2018,1, 死亡
18/09/16 14:19,名鉄常滑線,寺本駅,女性 / 死亡,14,16,9,2018,0, 死亡
18/09/16 11:47,東武スカイツリーライン,西新井駅,,11,16,9,2018,,
18/09/16 06:28,久留里線,久留里駅〜平山駅,女性 / 30代 / 無傷,6,16,9,2018,0, 無傷
18/09/15 21:59,近鉄奈良線,菖蒲池駅,男性 / 10代 / 死亡,21,15,9,2018,1, 死亡
18/09/15 13:57,名鉄尾西線,日比野駅〜津島駅,,13,15,9,2018,,
18/09/14 13:53,京葉線,千葉みなと駅,男性 / 死亡,13,14,9,2018,1, 死亡
18/09/14 10:39,予讃線,豊浜駅〜箕浦駅,男性 / 80代 / 死亡,10,14,9,2018,1, 死亡
18/09/14 10:09,京急本線,京急鶴見駅,男性 / 30代 / 死亡,10,14,9,2018,1, 死亡
18/09/14 09:32,東京メトロ千代田線,明治神宮前駅,,9,14,9,2018,,
18/09/14 06:50,東北本線,石越駅,女性 / 30代 / 死亡,6,14,9,2018,0, 死亡
18/09/13 19:04,近鉄大阪線,大和朝倉駅〜長谷寺駅,,19,13,9,2018,,
18/09/13 19:03,常磐線,湯本駅〜内郷駅,男性 / 重傷,19,13,9,2018,1, 重傷
18/09/13 16:22,名鉄犬山線,徳重・名古屋芸大駅〜大山寺駅,女性 / 死亡,16,13,9,2018,0, 死亡
18/09/13 13:25,近鉄大阪線,大和高田駅,女性 / 20代 / 死亡,13,13,9,2018,0, 死亡
18/09/13 05:26,東武伊勢崎線,韮川駅〜太田駅,,5,13,9,2018,,
18/09/10 17:36,東武スカイツリーライン,大袋駅,女性 / 10代 / 死亡,17,10,9,2018,0, 死亡
18/09/10 16:12,南海高野線,沢ノ町駅〜我孫子前駅,男性 / 軽傷,16,10,9,2018,1, 軽傷
18/09/10 12:41,東海道線,藤沢駅,男性 / 20代 / 死亡,12,10,9,2018,1, 死亡
18/09/10 12:14,奥羽本線,井川さくら駅〜八郎潟駅,男性 / 40代 / 無傷,12,10,9,2018,1, 無傷
18/09/10 07:55,中央快速線,八王子駅,男性 / 軽傷,7,10,9,2018,1, 軽傷
18/09/09 20:38,近鉄奈良線,東花園駅,男性 / 10代 / 死亡,20,9,9,2018,1, 死亡
18/09/09 20:36,大阪メトロ谷町線,南森町駅,女性 / 80代 / 軽傷,20,9,9,2018,0, 軽傷
18/09/09 18:03,和歌山線,西笠田駅〜名手駅,女性 / 20代 / 軽傷,18,9,9,2018,0, 軽傷
18/09/09 11:44,南海本線,岸里玉出駅,男性 / 死亡,11,9,9,2018,1, 死亡
18/09/09 09:09,東武スカイツリーライン,北越谷駅〜大袋駅,,9,9,9,2018,,
18/09/09 06:02,西武池袋線,椎名町駅〜東長崎駅,,6,9,9,2018,,
18/09/08 21:36,山陽本線,厚東駅〜宇部駅,,21,8,9,2018,,
18/09/08 11:48,東武アーバンパークライン,野田市駅,男性 / 30代 / 死亡,11,8,9,2018,1, 死亡
18/09/07 16:02,宇都宮線,土呂駅,女性 / 60代 / 死亡,16,7,9,2018,0, 死亡
18/09/06 21:36,JR宝塚線,伊丹駅〜北伊丹駅,男性,21,6,9,2018,1,男性
18/09/06 18:47,鹿児島本線,ししぶ駅〜新宮中央駅,男性 / 死亡,18,6,9,2018,1, 死亡
18/09/06 12:32,近鉄大阪線,桜井駅〜大和朝倉駅,,12,6,9,2018,,
18/09/05 08:16,横浜線,中山駅,女性 / 20代 / 死亡,8,5,9,2018,0, 死亡
18/09/05 00:24,中央・総武緩行線,西荻窪駅,,0,5,9,2018,,
18/09/04 19:27,中央・総武緩行線,平井駅,,19,4,9,2018,,
18/09/04 14:15,相鉄本線,さがみ野駅,,14,4,9,2018,,
18/09/04 14:14,東急大井町線,下神明駅,男性 / 70代 / 死亡,14,4,9,2018,1, 死亡
18/09/04 06:36,宇都宮線,古河駅〜野木駅,男性 / 10代 / 死亡,6,4,9,2018,1, 死亡
18/09/03 21:53,筑肥線,下山門駅〜今宿駅,男性 / 20代 / 死亡,21,3,9,2018,1, 死亡
18/09/03 11:27,阪急京都本線,崇禅寺駅,女性 / 軽傷,11,3,9,2018,0, 軽傷
18/09/02 23:04,京王線,代田橋駅,,23,2,9,2018,,
18/09/02 20:13,北陸本線,南条駅〜武生駅,女性 / 10歳未満 / 重傷,20,2,9,2018,0, 重傷
18/09/02 19:24,青梅線,東青梅駅〜青梅駅,,19,2,9,2018,,
18/09/02 16:37,山陰本線,伊上駅〜長門粟野駅,男性 / 40代 / 無傷,16,2,9,2018,1, 無傷
18/09/02 15:21,近鉄南大阪線,駒ヶ谷駅〜上ノ太子駅,男性 / 死亡,15,2,9,2018,1, 死亡
18/09/01 12:48,南海本線,鳥取ノ荘駅〜箱作駅,女性 / 重傷,12,1,9,2018,0, 重傷
18/09/01 05:14,南海高野線,河内長野駅〜三日市町駅,男性 / 死亡,5,1,9,2018,1, 死亡
18/08/31 23:24,神戸市営地下鉄西神・山手線,伊川谷駅,男性 / 70代 / 死亡,23,31,8,2018,1, 死亡
18/08/31 20:23,京阪本線,萱島駅,男性 / 30代 / 軽傷,20,31,8,2018,1, 軽傷
18/08/31 15:28,予讃線,海岸寺駅,,15,31,8,2018,,
18/08/31 12:43,小田急小田原線,開成駅,男性 / 20代 / 死亡,12,31,8,2018,1, 死亡
18/08/31 09:21,いわて銀河鉄道線,盛岡駅〜青山駅,男性 / 30代 / 死亡,9,31,8,2018,1, 死亡
18/08/30 21:26,近鉄名古屋線,南が丘駅〜久居駅,,21,30,8,2018,,
18/08/30 21:26,東武伊勢崎線,花崎駅〜加須駅,男性 / 80代 / 死亡,21,30,8,2018,1, 死亡
18/08/30 17:30,IRいしかわ鉄道線,倶利伽羅駅〜津幡駅,,17,30,8,2018,,
18/08/30 13:46,大和路線,加美駅〜平野駅,男性 / 死亡,13,30,8,2018,1, 死亡
18/08/30 08:34,山陽本線,尾道駅〜糸崎駅,男性 / 10代 / 死亡,8,30,8,2018,1, 死亡
18/08/30 07:02,青梅線,軍畑駅〜沢井駅,,7,30,8,2018,,
18/08/30 06:51,京浜東北線,横浜駅,男性 / 40代 / 死亡,6,30,8,2018,1, 死亡
18/08/29 21:44,東武アーバンパークライン,豊四季駅,男性 / 10代 / 重傷,21,29,8,2018,1, 重傷
18/08/29 21:09,湖西線,新旭駅,女性 / 死亡,21,29,8,2018,0, 死亡
18/08/29 08:34,秩父鉄道秩父本線,行田市駅〜持田駅,女性 / 40代 / 死亡,8,29,8,2018,0, 死亡
18/08/29 06:42,日豊本線,坂ノ市駅〜幸崎駅,男性 / 20代 / 死亡,6,29,8,2018,1, 死亡
18/08/28 21:37,西武新宿線,井荻駅〜上井草駅,,21,28,8,2018,,
18/08/28 16:23,中央快速線,西八王子駅,女性 / 10代 / 死亡,16,28,8,2018,0, 死亡
18/08/28 13:08,阪急千里線,下新庄駅,,13,28,8,2018,,
18/08/28 10:28,近鉄京都線,寺田駅〜富野荘駅,男性 / 死亡,10,28,8,2018,1, 死亡
18/08/27 22:07,宇都宮線,小山駅〜小金井駅,男性 / 10代 / 死亡,22,27,8,2018,1, 死亡
18/08/26 22:27,高徳線,志度駅〜オレンジタウン駅,女性 / 70代 / 重傷,22,26,8,2018,0, 重傷
18/08/26 22:05,東武アーバンパークライン,藤の牛島駅〜南桜井駅,女性 / 死亡,22,26,8,2018,0, 死亡
18/08/26 21:36,近鉄大阪線,近鉄八尾駅,男性 / 80代 / 死亡,21,26,8,2018,1, 死亡
18/08/26 18:40,田沢湖線,羽後四ツ屋駅,女性 / 70代 / 死亡,18,26,8,2018,0, 死亡
18/08/26 15:48,中央本線,竜王駅,女性 / 80代 / 死亡,15,26,8,2018,0, 死亡
18/08/26 12:01,名鉄広見線,日本ライン今渡駅〜新可児駅,男性 / 70代 / 死亡,12,26,8,2018,1, 死亡
18/08/26 06:45,仙山線,陸前落合駅〜愛子駅,女性 / 40代 / 軽傷,6,26,8,2018,0, 軽傷
18/08/25 21:36,日豊本線,加治木駅〜錦江駅,女性 / 60代 / 死亡,21,25,8,2018,0, 死亡
18/08/25 07:47,青梅線,羽村駅,,7,25,8,2018,,
18/08/24 23:45,名鉄名古屋本線,石刀駅,,23,24,8,2018,,
18/08/24 10:32,西武新宿線,花小金井駅〜小平駅,,10,24,8,2018,,
18/08/24 06:26,埼京線,与野本町駅,男性 / 60代 / 死亡,6,24,8,2018,1, 死亡
18/08/23 19:45,東武東上線,高坂駅〜東松山駅,男性 / 死亡,19,23,8,2018,1, 死亡
18/08/23 14:42,近鉄吉野線,六田駅〜大和上市駅,,14,23,8,2018,,
18/08/21 20:50,大阪メトロ御堂筋線,難波駅,男性 / 死亡,20,21,8,2018,1, 死亡
18/08/21 04:35,函館本線,発寒駅〜発寒中央駅,男性 / 60代 / 死亡,4,21,8,2018,1, 死亡
18/08/20 18:57,東海道線,辻堂駅〜茅ヶ崎駅,男性 / 死亡,18,20,8,2018,1, 死亡
18/08/20 15:34,東武アーバンパークライン,七里駅〜岩槻駅,女性 / 80代 / 死亡,15,20,8,2018,0, 死亡
18/08/20 15:22,京葉線,市川塩浜駅,男性 / 死亡,15,20,8,2018,1, 死亡
18/08/20 10:00,西武拝島線,玉川上水駅,,10,20,8,2018,,
18/08/19 20:49,西武池袋線,石神井公園駅〜大泉学園駅,,20,19,8,2018,,
18/08/19 20:31,佐世保線,永尾駅〜三間坂駅,男性 / 10代 / 死亡,20,19,8,2018,1, 死亡
18/08/19 11:23,西武新宿線,田無駅〜花小金井駅,,11,19,8,2018,,
18/08/18 16:54,京王井の頭線,富士見ヶ丘駅〜久我山駅,,16,18,8,2018,,
18/08/18 00:11,琵琶湖線,野洲駅,男性 / 20代 / 死亡,0,18,8,2018,1, 死亡
18/08/17 18:12,総武快速線,新小岩駅,,18,17,8,2018,,
18/08/16 21:12,名鉄西尾線,堀内公園駅〜桜井駅,男性 / 死亡,21,16,8,2018,1, 死亡
18/08/16 19:45,水郡線,東館駅〜南石井駅,女性 / 50代 / 死亡,19,16,8,2018,0, 死亡
18/08/16 00:06,西武新宿線,小平駅,,0,16,8,2018,,
18/08/15 22:55,東武東上線,池袋駅,,22,15,8,2018,,
18/08/15 08:25,横浜線,橋本駅,男性 / 10代 / 死亡,8,15,8,2018,1, 死亡
18/08/15 07:39,東海道線,藤沢駅〜辻堂駅,女性 / 60代 / 死亡,7,15,8,2018,0, 死亡
18/08/15 05:16,東海道線,平塚駅,,5,15,8,2018,,
18/08/13 19:44,北陸本線,美川駅〜加賀笠間駅,,19,13,8,2018,,
18/08/13 07:20,小田急小田原線,海老名駅,男性 / 重傷,7,13,8,2018,1, 重傷
18/08/12 20:52,常磐線,松戸駅,男性 / 50代 / 軽傷,20,12,8,2018,1, 軽傷
18/08/12 17:37,宇都宮線,土呂駅,男性 / 50代 / 死亡,17,12,8,2018,1, 死亡
18/08/12 08:13,山陽本線,福山駅,,8,12,8,2018,,
18/08/12 07:06,小田急小田原線,伊勢原駅〜鶴巻温泉駅,女性 / 50代 / 死亡,7,12,8,2018,0, 死亡
18/08/10 13:12,函館本線,ほしみ駅,女性 / 20代 / 死亡,13,10,8,2018,0, 死亡
18/08/10 11:05,総武快速線,新日本橋駅,,11,10,8,2018,,
18/08/09 21:28,八高線,寄居駅〜用土駅,女性 / 30代 / 死亡,21,9,8,2018,0, 死亡
18/08/09 18:30,京阪鴨東線,神宮丸太町駅,女性 / 40代 / 死亡,18,9,8,2018,0, 死亡
18/08/09 14:21,湖西線,比叡山坂本駅,男性 / 30代 / 重傷,14,9,8,2018,1, 重傷
18/08/09 12:21,大阪メトロ谷町線,太子橋今市駅,男性 / 死亡,12,9,8,2018,1, 死亡
18/08/09 11:35,長崎本線,西諫早駅,,11,9,8,2018,,
18/08/08 22:06,相鉄本線,大和駅,男性 / 40代 / 死亡,22,8,8,2018,1, 死亡
18/08/08 21:57,山陽本線,向洋駅〜天神川駅,,21,8,8,2018,,
18/08/08 21:33,JR東西線,海老江駅,男性 / 軽傷,21,8,8,2018,1, 軽傷
18/08/08 11:52,西鉄天神大牟田線,西鉄平尾駅,女性 / 30代 / 重傷,11,8,8,2018,0, 重傷
18/08/08 11:24,山陽電気鉄道本線,八家駅,,11,8,8,2018,,
18/08/07 22:13,西鉄天神大牟田線,井尻駅,,22,7,8,2018,,
18/08/07 21:48,阪急宝塚本線,三国駅,男性 / 30代 / 死亡,21,7,8,2018,1, 死亡
18/08/06 23:12,あいの風とやま鉄道線,富山駅,男性 / 20代 / 軽傷,23,6,8,2018,1, 軽傷
18/08/06 21:14,近鉄南大阪線,針中野駅,死亡,21,6,8,2018,死亡,死亡
18/08/06 17:25,京浜東北線,田町駅,,17,6,8,2018,,
18/08/06 09:36,高崎線,岡部駅〜本庄駅,,9,6,8,2018,,
18/08/06 00:07,南海本線,箱作駅〜淡輪駅,男性 / 60代 / 死亡,0,6,8,2018,1, 死亡
18/08/05 22:03,東海道線,安城駅〜刈谷駅,死亡,22,5,8,2018,死亡,死亡
18/08/05 12:46,京王井の頭線,駒場東大前駅〜池ノ上駅,,12,5,8,2018,,
18/08/05 09:54,山陰本線,伊上駅,男性 / 60代 / 無傷,9,5,8,2018,1, 無傷
18/08/05 06:46,東武東上線,東松山駅,男性 / 死亡,6,5,8,2018,1, 死亡
18/08/04 05:53,日豊本線,高鍋駅〜日向新富駅,男性 / 死亡,5,4,8,2018,1, 死亡
18/08/04 02:05,中央本線,酒折駅,男性 / 死亡,2,4,8,2018,1, 死亡
18/08/03 21:23,青梅線,羽村駅,,21,3,8,2018,,
18/08/03 08:20,東武東上線,川越市駅,,8,3,8,2018,,
18/08/03 07:46,宇都宮線,新白岡駅〜久喜駅,女性 / 60代 / 死亡,7,3,8,2018,0, 死亡
18/08/02 23:25,武蔵野線,西国分寺駅,,23,2,8,2018,,
18/08/02 19:47,阪急京都本線,総持寺駅,男性 / 死亡,19,2,8,2018,1, 死亡
18/08/02 18:50,山陽本線,瀬戸駅,,18,2,8,2018,,
18/08/02 12:43,中央快速線,東小金井駅,,12,2,8,2018,,
18/08/02 08:48,京阪本線,樟葉駅〜牧野駅,男性 / 60代 / 死亡,8,2,8,2018,1, 死亡
18/08/01 21:40,西武池袋線,仏子駅〜元加治駅,男性 / 60代 / 死亡,21,1,8,2018,1, 死亡
18/08/01 11:32,琵琶湖線,南草津駅,女性 / 20代 / 死亡,11,1,8,2018,0, 死亡
18/08/01 11:29,京葉線,千葉みなと駅,男性 / 死亡,11,1,8,2018,1, 死亡
18/08/01 11:22,高崎線,鴻巣駅〜北鴻巣駅,女性 / 50代 / 死亡,11,1,8,2018,0, 死亡
18/08/01 05:03,東海道線,原駅〜東田子の浦駅,,5,1,8,2018,,
18/07/31 18:27,流鉄流山線,幸谷駅〜小金城趾駅,無傷,18,31,7,2018,無傷,無傷
18/07/31 11:32,名鉄竹鼻線,柳津駅〜南宿駅,女性 / 20代 / 死亡,11,31,7,2018,0, 死亡
18/07/31 00:15,横須賀線,新川崎駅〜横浜駅,男性 / 20代 / 死亡,0,31,7,2018,1, 死亡
18/07/30 14:00,富士急行線,都留市駅〜赤坂駅,女性 / 80代 / 無傷,14,30,7,2018,0, 無傷
18/07/30 14:00,宇都宮線,野崎駅,,14,30,7,2018,,
18/07/30 11:06,両毛線,山前駅〜足利駅,男性 / 70代 / 死亡,11,30,7,2018,1, 死亡
18/07/29 22:36,山陽本線,海田市駅〜向洋駅,,22,29,7,2018,,
18/07/29 22:07,八高線,金子駅〜東飯能駅,男性 / 死亡,22,29,7,2018,1, 死亡
18/07/29 15:40,東北本線,仙北町駅,,15,29,7,2018,,
18/07/29 09:36,JR神戸線,甲南山手駅〜摂津本山駅,死亡,9,29,7,2018,死亡,死亡
18/07/28 23:42,函館本線,苗穂駅,男性 / 死亡,23,28,7,2018,1, 死亡
18/07/28 22:02,日豊本線,蓮ヶ池駅〜宮崎神宮駅,,22,28,7,2018,,
18/07/28 19:19,日南線,串間駅〜福島今町駅,男性 / 60代 / 重傷,19,28,7,2018,1, 重傷
18/07/28 09:36,予讃線,新居浜駅〜中萩駅,男性,9,28,7,2018,1,男性
18/07/28 03:57,JR宝塚線,伊丹駅〜北伊丹駅,男性 / 50代 / 死亡,3,28,7,2018,1, 死亡
18/07/28 00:24,常磐線,取手駅〜藤代駅,,0,28,7,2018,,
18/07/27 21:06,東武東上線,東武練馬駅〜下赤塚駅,男性 / 死亡,21,27,7,2018,1, 死亡
18/07/27 14:23,南海高野線,沢ノ町駅〜我孫子前駅,男性 / 死亡,14,27,7,2018,1, 死亡
18/07/27 10:56,南武線,久地駅〜宿河原駅,男性 / 90代 / 死亡,10,27,7,2018,1, 死亡
18/07/27 10:54,京成本線,ユーカリが丘駅,女性 / 死亡,10,27,7,2018,0, 死亡
18/07/26 07:47,JR神戸線,兵庫駅,男性 / 死亡,7,26,7,2018,1, 死亡
18/07/25 20:35,北総鉄道北総線,東松戸駅,女性 / 10代 / 死亡,20,25,7,2018,0, 死亡
18/07/25 18:43,JR神戸線,甲子園口駅,女性 / 30代 / 死亡,18,25,7,2018,0, 死亡
18/07/25 17:11,阪急京都本線,西院駅,女性 / 重傷,17,25,7,2018,0, 重傷
18/07/25 13:46,東急田園都市線,宮崎台駅,女性 / 20代 / 死亡,13,25,7,2018,0, 死亡
18/07/25 12:42,新京成電鉄新京成線,二和向台駅,,12,25,7,2018,,
18/07/25 10:17,中央快速線,西荻窪駅,,10,25,7,2018,,
18/07/24 12:36,名古屋市営地下鉄名城線,新瑞橋駅,男性 / 30代 / 重傷,12,24,7,2018,1, 重傷
18/07/24 08:13,東海道線,愛知御津駅〜三河大塚駅,男性 / 40代 / 死亡,8,24,7,2018,1, 死亡
18/07/24 06:00,京阪本線,牧野駅,男性 / 軽傷,6,24,7,2018,1, 軽傷
18/07/23 21:00,南海本線,羽衣駅〜高石駅,女性 / 死亡,21,23,7,2018,0, 死亡
18/07/23 19:08,埼京線,新宿駅,,19,23,7,2018,,
18/07/23 13:45,大阪メトロ御堂筋線,大国町駅,男性 / 40代 / 死亡,13,23,7,2018,1, 死亡
18/07/22 19:10,東京メトロ半蔵門線,渋谷駅,,19,22,7,2018,,
18/07/22 09:23,中央本線,新守山駅,女性 / 20代 / 死亡,9,22,7,2018,0, 死亡
18/07/21 23:06,奥羽本線,新青森駅〜青森駅,,23,21,7,2018,,
18/07/21 14:19,名鉄犬山線,江南駅〜柏森駅,女性 / 60代 / 死亡,14,21,7,2018,0, 死亡
18/07/21 10:08,阪神本線,深江駅,男性 / 死亡,10,21,7,2018,1, 死亡
18/07/21 07:37,東急池上線,雪が谷大塚駅〜御嶽山駅,男性 / 30代 / 死亡,7,21,7,2018,1, 死亡
18/07/20 05:54,東武東上線,霞ヶ関駅〜鶴ヶ島駅,男性 / 死亡,5,20,7,2018,1, 死亡
18/07/19 16:16,東海道線,東静岡駅,男性 / 10代 / 死亡,16,19,7,2018,1, 死亡
18/07/19 15:34,京阪本線,伏見桃山駅〜中書島駅,男性 / 40代 / 死亡,15,19,7,2018,1, 死亡
18/07/19 05:37,日豊本線,暘谷駅,女性 / 死亡,5,19,7,2018,0, 死亡
18/07/18 20:07,南武線,小田栄駅,女性 / 死亡,20,18,7,2018,0, 死亡
18/07/18 17:58,越後線,越後曽根駅〜越後赤塚駅,女性 / 死亡,17,18,7,2018,0, 死亡
18/07/17 22:02,JR宝塚線,相野駅,男性 / 死亡,22,17,7,2018,1, 死亡
18/07/17 19:25,宇都宮線,宇都宮駅〜岡本駅,,19,17,7,2018,,
18/07/17 14:06,京福電気鉄道北野線,北野白梅町駅〜等持院駅,男性 / 70代 / 軽傷,14,17,7,2018,1, 軽傷
18/07/17 12:57,千歳線,北広島駅〜上野幌駅,死亡,12,17,7,2018,死亡,死亡
18/07/17 07:18,内房線,五井駅〜姉ヶ崎駅,女性 / 死亡,7,17,7,2018,0, 死亡
18/07/16 14:57,西武新宿線,下落合駅〜中井駅,,14,16,7,2018,,
18/07/16 11:31,近鉄鈴鹿線,三日市駅〜平田町駅,女性 / 80代 / 死亡,11,16,7,2018,0, 死亡
18/07/16 09:03,草津線,三雲駅〜甲西駅,女性 / 20代 / 死亡,9,16,7,2018,0, 死亡
18/07/16 08:43,長崎本線,佐賀駅〜鍋島駅,男性 / 死亡,8,16,7,2018,1, 死亡
18/07/16 08:06,姫新線,姫路駅〜播磨高岡駅,男性 / 20代 / 死亡,8,16,7,2018,1, 死亡
18/07/15 23:47,東海道線,川崎駅,男性 / 死亡,23,15,7,2018,1, 死亡
18/07/15 21:48,西武池袋線,西所沢駅〜小手指駅,,21,15,7,2018,,
18/07/15 15:35,山陰本線,大山口駅〜淀江駅,無傷,15,15,7,2018,無傷,無傷
18/07/15 15:21,千歳線,沼ノ端駅〜植苗駅,男性 / 10代 / 死亡,15,15,7,2018,1, 死亡
18/07/13 18:54,高松琴平電気鉄道琴平線,太田駅〜仏生山駅,男性 / 10歳未満 / 重傷,18,13,7,2018,1, 重傷
18/07/13 17:37,常磐線,草野駅〜四ツ倉駅,女性 / 60代 / 死亡,17,13,7,2018,0, 死亡
18/07/13 11:04,東京メトロ東西線,西葛西駅,,11,13,7,2018,,
18/07/13 10:42,近鉄橿原線,筒井駅〜平端駅,,10,13,7,2018,,
18/07/13 08:48,南海本線,貝塚駅〜二色浜駅,女性 / 死亡,8,13,7,2018,0, 死亡
18/07/12 19:48,秩父鉄道秩父本線,御花畑駅〜影森駅,男性 / 50代 / 死亡,19,12,7,2018,1, 死亡
18/07/12 07:10,水郡線,上小川駅〜袋田駅,,7,12,7,2018,,
18/07/11 16:14,宇都宮線,雀宮駅〜宇都宮駅,,16,11,7,2018,,
18/07/11 15:38,山陽新幹線,相生駅,男性 / 40代 / 死亡,15,11,7,2018,1, 死亡
18/07/10 23:24,中央・総武緩行線,新宿駅,,23,10,7,2018,,
18/07/10 22:30,千歳線,沼ノ端駅,女性 / 10代 / 死亡,22,10,7,2018,0, 死亡
18/07/10 18:09,中央・総武緩行線,東船橋駅,女性 / 30代 / 死亡,18,10,7,2018,0, 死亡
18/07/09 14:15,室蘭本線,苫小牧駅〜沼ノ端駅,男性 / 10代 / 死亡,14,9,7,2018,1, 死亡
18/07/09 08:30,東武アーバンパークライン,大宮公園駅,男性 / 30代 / 死亡,8,9,7,2018,1, 死亡
18/07/08 23:05,西武池袋線,東長崎駅,女性,23,8,7,2018,0,女性
18/07/08 20:21,高崎線,宮原駅,女性 / 10代 / 死亡,20,8,7,2018,0, 死亡
18/07/08 19:49,JR神戸線,宝殿駅〜曽根駅,,19,8,7,2018,,
18/07/08 12:34,長崎本線,西諫早駅,女性 / 20代 / 死亡,12,8,7,2018,0, 死亡
18/07/07 23:52,名鉄名古屋本線,栄生駅,,23,7,7,2018,,
18/07/06 21:22,関東鉄道常総線,守谷駅〜新守谷駅,,21,6,7,2018,,
18/07/05 20:00,東京メトロ日比谷線,上野駅,,20,5,7,2018,,
18/07/05 19:47,高崎線,神保原駅〜新町駅,男性 / 10代 / 死亡,19,5,7,2018,1, 死亡
18/07/05 13:20,東武スカイツリーライン,せんげん台駅,男性 / 死亡,13,5,7,2018,1, 死亡
18/07/05 09:39,近鉄御所線,近鉄新庄駅〜忍海駅,男性 / 重傷,9,5,7,2018,1, 重傷
18/07/05 08:06,姫新線,姫路駅〜播磨高岡駅,女性 / 死亡,8,5,7,2018,0, 死亡
18/07/04 21:02,都営地下鉄新宿線,森下駅,,21,4,7,2018,,
18/07/04 19:33,室蘭本線,富浦駅,男性 / 死亡,19,4,7,2018,1, 死亡
18/07/04 12:59,西武池袋線,椎名町駅〜東長崎駅,,12,4,7,2018,,
18/07/04 11:30,東京メトロ東西線,妙典駅,女性 / 死亡,11,4,7,2018,0, 死亡
18/07/04 09:17,相鉄本線,三ツ境駅,女性 / 40代 / 重傷,9,4,7,2018,0, 重傷
18/07/03 22:37,京阪本線,藤森駅,男性 / 死亡,22,3,7,2018,1, 死亡
18/07/03 20:33,阪和線,信太山駅〜和泉府中駅,男性 / 軽傷,20,3,7,2018,1, 軽傷
18/07/03 19:17,横須賀線,戸塚駅,,19,3,7,2018,,
18/07/03 17:09,播但線,仁豊野駅〜香呂駅,,17,3,7,2018,,
18/07/03 14:20,中央快速線,立川駅,,14,3,7,2018,,
18/07/03 13:26,JR京都線,桂川駅,男性 / 死亡,13,3,7,2018,1, 死亡
18/07/02 21:27,東武伊勢崎線,韮川駅〜太田駅,,21,2,7,2018,,
18/07/02 20:09,唐津線,東多久駅〜中多久駅,女性 / 70代 / 死亡,20,2,7,2018,0, 死亡
18/07/02 12:32,北陸本線,福井駅,男性 / 30代 / 重傷,12,2,7,2018,1, 重傷
18/07/02 10:26,近鉄志摩線,上之郷駅,女性 / 20代 / 死亡,10,2,7,2018,0, 死亡
18/07/02 07:22,東武東上線,鶴瀬駅〜ふじみ野駅,女性 / 死亡,7,2,7,2018,0, 死亡
18/07/01 22:04,近鉄橿原線,近鉄郡山駅,女性 / 10代 / 死亡,22,1,7,2018,0, 死亡
18/06/30 20:08,山陽本線,福川駅〜戸田駅,男性 / 60代 / 無傷,20,30,6,2018,1, 無傷
18/06/30 09:27,東武東上線,池袋駅,,9,30,6,2018,,
18/06/30 07:22,京阪本線,橋本駅〜樟葉駅,女性 / 60代 / 死亡,7,30,6,2018,0, 死亡
18/06/30 00:06,中央快速線,西八王子駅〜高尾駅,,0,30,6,2018,,
18/06/29 21:12,長崎本線,久保田駅〜牛津駅,女性 / 40代 / 死亡,21,29,6,2018,0, 死亡
18/06/29 17:20,宇都宮線,東大宮駅〜蓮田駅,女性 / 10代 / 死亡,17,29,6,2018,0, 死亡
18/06/29 11:55,広島電鉄本線,八丁堀停留場,無傷,11,29,6,2018,無傷,無傷
18/06/29 11:01,高崎線,深谷駅〜岡部駅,男性 / 80代 / 死亡,11,29,6,2018,1, 死亡
18/06/29 09:14,相鉄本線,星川駅,男性 / 60代 / 死亡,9,29,6,2018,1, 死亡
18/06/28 22:30,函館本線,岩見沢駅〜峰延駅,男性 / 死亡,22,28,6,2018,1, 死亡
18/06/28 19:54,富良野線,ラベンダー畑駅〜中富良野駅,女性 / 10代 / 軽傷,19,28,6,2018,0, 軽傷
18/06/28 16:45,近鉄京都線,近鉄丹波橋駅,女性 / 20代 / 重傷,16,28,6,2018,0, 重傷
18/06/27 12:08,東武スカイツリーライン,大袋駅,女性 / 50代 / 死亡,12,27,6,2018,0, 死亡
18/06/26 16:35,大和路線,郡山駅〜大和小泉駅,不明,16,26,6,2018,不明,不明
18/06/26 12:52,水戸線,福原駅,女性 / 死亡,12,26,6,2018,0, 死亡
18/06/25 23:12,学研都市線,徳庵駅〜放出駅,,23,25,6,2018,,
18/06/25 23:00,成田線,木下駅,女性 / 死亡,23,25,6,2018,0, 死亡
18/06/25 15:44,阪急京都本線,正雀駅,男性 / 死亡,15,25,6,2018,1, 死亡
18/06/24 17:44,西武池袋線,東久留米駅〜清瀬駅,女性 / 40代 / 死亡,17,24,6,2018,0, 死亡
18/06/24 09:14,京急本線,八丁畷駅,女性 / 死亡,9,24,6,2018,0, 死亡
18/06/23 20:06,東急池上線,久が原駅〜千鳥町駅,,20,23,6,2018,,
18/06/23 20:00,京急本線,横浜駅,,20,23,6,2018,,
18/06/23 17:51,大阪環状線,新今宮駅,女性 / 軽傷,17,23,6,2018,0, 軽傷
18/06/22 18:41,日豊本線,南小倉駅,,18,22,6,2018,,
18/06/22 14:57,京急本線,馬堀海岸駅,,14,22,6,2018,,
18/06/22 07:31,日豊本線,延岡駅〜南延岡駅,無傷,7,22,6,2018,無傷,無傷
18/06/21 22:12,京王線,代田橋駅,,22,21,6,2018,,
18/06/21 18:31,東海道線,藤沢駅,男性 / 死亡,18,21,6,2018,1, 死亡
18/06/21 16:50,きのくに線,宮前駅〜和歌山駅,男性 / 70代 / 死亡,16,21,6,2018,1, 死亡
18/06/21 15:57,小湊鉄道線,馬立駅,,15,21,6,2018,,
18/06/20 22:47,小田急小田原線,読売ランド前駅,,22,20,6,2018,,
18/06/19 19:52,横須賀線,保土ヶ谷駅,男性 / 40代 / 死亡,19,19,6,2018,1, 死亡
18/06/19 00:08,鹿児島本線,竹下駅〜笹原駅,男性 / 死亡,0,19,6,2018,1, 死亡
18/06/18 22:12,函館本線,発寒駅〜発寒中央駅,男性 / 60代 / 死亡,22,18,6,2018,1, 死亡
18/06/18 14:36,東急大井町線,北千束駅,,14,18,6,2018,,
18/06/18 14:32,都営地下鉄新宿線,曙橋駅,,14,18,6,2018,,
18/06/18 12:54,京急本線,汐入駅,,12,18,6,2018,,
18/06/18 09:09,東急目黒線,不動前駅,,9,18,6,2018,,
18/06/17 14:05,相鉄本線,鶴ヶ峰駅〜二俣川駅,女性 / 40代 / 死亡,14,17,6,2018,0, 死亡
18/06/17 10:35,篠ノ井線,村井駅,女性 / 80代 / 重傷,10,17,6,2018,0, 重傷
18/06/16 17:50,長崎本線,久保田駅,女性 / 20代 / 死亡,17,16,6,2018,0, 死亡
18/06/15 18:08,予讃線,波止浜駅〜波方駅,女性 / 70代,18,15,6,2018,0,70代
18/06/15 08:57,名古屋市営地下鉄鶴舞線,平針駅,女性 / 70代 / 死亡,8,15,6,2018,0, 死亡
18/06/14 16:12,山陽新幹線,小倉駅〜博多駅,男性 / 50代 / 死亡,16,14,6,2018,1, 死亡
18/06/14 12:25,近鉄奈良線,富雄駅〜学園前駅,,12,14,6,2018,,
18/06/14 09:29,武蔵野線,北朝霞駅,男性 / 60代 / 死亡,9,14,6,2018,1, 死亡
18/06/13 20:20,豊肥本線,新水前寺駅,男性 / 10代 / 軽傷,20,13,6,2018,1, 軽傷
18/06/13 20:20,学研都市線,東寝屋川駅〜忍ヶ丘駅,男性 / 死亡,20,13,6,2018,1, 死亡
18/06/13 19:21,阪急京都本線,富田駅〜総持寺駅,男性 / 死亡,19,13,6,2018,1, 死亡
18/06/13 17:25,越後線,越後赤塚駅〜内野西が丘駅,男性 / 軽傷,17,13,6,2018,1, 軽傷
18/06/13 07:31,久大本線,田主丸駅〜筑後吉井駅,男性 / 10代 / 死亡,7,13,6,2018,1, 死亡
18/06/13 00:18,東武伊勢崎線,南羽生駅〜羽生駅,女性 / 10代 / 死亡,0,13,6,2018,0, 死亡
18/06/12 08:56,東京メトロ銀座線,新橋駅,男性 / 軽傷,8,12,6,2018,1, 軽傷
18/06/11 20:27,五日市線,熊川駅〜東秋留駅,男性 / 80代 / 軽傷,20,11,6,2018,1, 軽傷
18/06/11 19:45,近鉄大阪線,桔梗が丘駅〜美旗駅,男性 / 80代 / 死亡,19,11,6,2018,1, 死亡
18/06/11 15:27,東武東上線,坂戸駅〜北坂戸駅,男性 / 死亡,15,11,6,2018,1, 死亡
18/06/11 12:19,宇都宮線,栗橋駅,女性 / 20代 / 死亡,12,11,6,2018,0, 死亡
18/06/11 06:38,東武東上線,みずほ台駅〜鶴瀬駅,男性 / 死亡,6,11,6,2018,1, 死亡
18/06/10 22:40,阪和線,堺市駅〜三国ヶ丘駅,男性 / 死亡,22,10,6,2018,1, 死亡
18/06/09 14:08,山陽本線,北長瀬駅〜庭瀬駅,男性 / 死亡,14,9,6,2018,1, 死亡
18/06/09 12:50,横浜線,橋本駅〜相原駅,男性 / 死亡,12,9,6,2018,1, 死亡
18/06/09 09:19,学研都市線,野崎駅〜住道駅,男性 / 70代 / 死亡,9,9,6,2018,1, 死亡
18/06/08 22:09,小田急江ノ島線,大和駅〜桜ヶ丘駅,男性 / 死亡,22,8,6,2018,1, 死亡
18/06/08 11:22,埼京線,恵比寿駅,,11,8,6,2018,,
18/06/08 08:45,京成本線,江戸川駅,男性 / 50代 / 死亡,8,8,6,2018,1, 死亡
18/06/08 05:39,鹿児島本線,水巻駅,男性 / 60代 / 死亡,5,8,6,2018,1, 死亡
18/06/07 12:17,琵琶湖線,膳所駅,男性 / 10代 / 死亡,12,7,6,2018,1, 死亡
18/06/07 11:53,北陸本線,王子保駅〜武生駅,女性 / 死亡,11,7,6,2018,0, 死亡
18/06/07 08:58,福知山線,石生駅〜黒井駅,女性 / 死亡,8,7,6,2018,0, 死亡
18/06/06 22:52,阪急宝塚本線,服部天神駅〜庄内駅,男性 / 死亡,22,6,6,2018,1, 死亡
18/06/06 18:50,三岐鉄道三岐線,東藤原駅〜西野尻駅,女性 / 80代 / 死亡,18,6,6,2018,0, 死亡
18/06/06 00:26,東急田園都市線,宮崎台駅〜宮前平駅,男性 / 70代 / 死亡,0,6,6,2018,1, 死亡
18/06/05 13:10,阪堺電気軌道阪堺線,石津停留場〜船尾停留場,女性 / 軽傷,13,5,6,2018,0, 軽傷
18/06/05 07:50,豊肥本線,武蔵塚駅〜竜田口駅,男性 / 死亡,7,5,6,2018,1, 死亡
18/06/05 00:32,瀬戸大橋線,備前西市駅,男性 / 死亡,0,5,6,2018,1, 死亡
18/06/04 12:05,北総鉄道北総線,白井駅,男性 / 40代 / 重傷,12,4,6,2018,1, 重傷
18/06/04 09:30,長良川鉄道越美南線,相生駅〜郡上八幡駅,女性 / 80代 / 重傷,9,4,6,2018,0, 重傷
18/06/04 08:31,琵琶湖線,栗東駅〜草津駅,女性 / 10代 / 死亡,8,4,6,2018,0, 死亡
18/06/04 07:44,名鉄犬山線,徳重・名古屋芸大駅,女性 / 10代 / 死亡,7,4,6,2018,0, 死亡
18/06/03 21:14,日豊本線,南小倉駅,,21,3,6,2018,,
18/06/03 05:44,東武伊勢崎線,牛田駅〜北千住駅,男性 / 20代 / 死亡,5,3,6,2018,1, 死亡
18/06/02 17:14,日光線,今市駅〜日光駅,女性 / 死亡,17,2,6,2018,0, 死亡
18/06/01 19:48,外房線,蘇我駅〜鎌取駅,女性 / 軽傷,19,1,6,2018,0, 軽傷
18/06/01 00:18,西武新宿線,武蔵関駅,,0,1,6,2018,,
18/05/31 23:30,根室本線,御影駅〜芽室駅,死亡,23,31,5,2018,死亡,死亡
18/05/31 16:13,IRいしかわ鉄道線,森本駅〜津幡駅,男性 / 10代 / 死亡,16,31,5,2018,1, 死亡
18/05/30 18:30,富良野線,鹿討駅〜学田駅,女性 / 90代 / 死亡,18,30,5,2018,0, 死亡
18/05/30 12:53,東武東上線,柳瀬川駅,死亡,12,30,5,2018,死亡,死亡
18/05/30 10:00,富山地方鉄道本線,越中泉駅〜相ノ木駅,男性 / 70代 / 軽傷,10,30,5,2018,1, 軽傷
18/05/30 08:25,外房線,上総興津駅〜行川アイランド駅,男性 / 10代 / 重傷,8,30,5,2018,1, 重傷
18/05/29 22:31,阪急神戸本線,塚口駅〜武庫之荘駅,男性 / 死亡,22,29,5,2018,1, 死亡
18/05/29 20:05,JR神戸線,芦屋駅,男性 / 50代 / 軽傷,20,29,5,2018,1, 軽傷
18/05/29 17:22,常磐線,水戸駅〜勝田駅,女性 / 死亡,17,29,5,2018,0, 死亡
18/05/28 22:26,東京メトロ東西線,高田馬場駅,,22,28,5,2018,,
18/05/28 21:30,近鉄山田線,松阪駅,女性 / 30代 / 死亡,21,28,5,2018,0, 死亡
18/05/28 08:35,牟岐線,南小松島駅〜阿波赤石駅,女性 / 80代 / 無傷,8,28,5,2018,0, 無傷
18/05/28 05:50,宇部線,宇部新川駅〜居能駅,男性 / 70代 / 軽傷,5,28,5,2018,1, 軽傷
18/05/27 06:19,近鉄奈良線,八戸ノ里駅,女性 / 死亡,6,27,5,2018,0, 死亡
18/05/26 18:00,西濃鉄道市橋線,美濃赤坂駅〜乙女坂駅,男性 / 30代 / 軽傷,18,26,5,2018,1, 軽傷
18/05/26 00:00,京浜東北線,桜木町駅,,0,26,5,2018,,
18/05/25 18:45,北陸本線,粟津駅,男性 / 10歳未満 / 死亡,18,25,5,2018,1, 死亡
18/05/25 14:28,中央本線,酒折駅,女性 / 死亡,14,25,5,2018,0, 死亡
18/05/25 07:40,奥羽本線,鷹ノ巣駅〜糠沢駅,男性 / 80代 / 死亡,7,25,5,2018,1, 死亡
18/05/24 09:56,妙高はねうまライン,関山駅〜二本木駅,無傷,9,24,5,2018,無傷,無傷
18/05/23 16:53,京王相模原線,南大沢駅〜多摩境駅,,16,23,5,2018,,
18/05/23 15:07,東急田園都市線,江田駅,男性 / 死亡,15,23,5,2018,1, 死亡
18/05/23 06:41,東北本線,北上駅,男性,6,23,5,2018,1,男性
18/05/22 20:46,都営地下鉄新宿線,西大島駅,,20,22,5,2018,,
18/05/22 14:08,東武伊勢崎線,姫宮駅,女性 / 50代 / 死亡,14,22,5,2018,0, 死亡
18/05/22 07:54,高崎線,鴻巣駅,女性 / 40代 / 死亡,7,22,5,2018,0, 死亡
18/05/21 23:05,相模線,倉見駅〜門沢橋駅,,23,21,5,2018,,
18/05/21 12:45,山陰本線,浜田駅〜西浜田駅,,12,21,5,2018,,
18/05/20 21:20,大和路線,志紀駅〜八尾駅,男性 / 死亡,21,20,5,2018,1, 死亡
18/05/20 17:28,中央快速線,三鷹駅,,17,20,5,2018,,
18/05/19 21:18,草津線,三雲駅〜甲西駅,男性 / 10代 / 死亡,21,19,5,2018,1, 死亡
18/05/19 21:00,武蔵野線,船橋法典駅,男性 / 軽傷,21,19,5,2018,1, 軽傷
18/05/19 20:34,常磐線,佐貫駅,男性 / 死亡,20,19,5,2018,1, 死亡
18/05/19 14:32,名鉄三河線,若林駅〜竹村駅,男性 / 10歳未満 / 重傷,14,19,5,2018,1, 重傷
18/05/18 19:40,津軽線,青森駅,,19,18,5,2018,,
18/05/18 10:15,東武東上線,朝霞駅,男性 / 20代 / 死亡,10,18,5,2018,1, 死亡
18/05/18 00:30,日豊本線,国分駅〜隼人駅,男性 / 死亡,0,18,5,2018,1, 死亡
18/05/17 23:28,小田急小田原線,柿生駅,,23,17,5,2018,,
18/05/17 21:19,名鉄名古屋本線,名鉄一宮駅〜今伊勢駅,女性 / 死亡,21,17,5,2018,0, 死亡
18/05/17 17:54,京王線,桜上水駅,,17,17,5,2018,,
18/05/17 12:59,西武多摩湖線,八坂駅〜武蔵大和駅,,12,17,5,2018,,
18/05/17 09:34,外房線,茂原駅〜八積駅,男性 / 死亡,9,17,5,2018,1, 死亡
18/05/16 23:26,東武スカイツリーライン,北越谷駅,男性 / 20代 / 死亡,23,16,5,2018,1, 死亡
18/05/16 23:07,琵琶湖線,京都駅,,23,16,5,2018,,
18/05/16 17:43,京葉線,千葉みなと駅,男性 / 死亡,17,16,5,2018,1, 死亡
18/05/16 12:00,松浦鉄道西九州線,上相浦駅〜大学駅,男性 / 40代 / 死亡,12,16,5,2018,1, 死亡
18/05/15 22:30,叡山電鉄叡山本線,修学院駅〜宝ヶ池駅,男性 / 死亡,22,15,5,2018,1, 死亡
18/05/15 00:27,京浜東北線,川崎駅,,0,15,5,2018,,
18/05/14 23:40,鹿児島本線,千鳥駅,,23,14,5,2018,,
18/05/14 21:10,中央快速線,武蔵小金井駅,,21,14,5,2018,,
18/05/14 19:19,東京メトロ半蔵門線,水天宮前駅,,19,14,5,2018,,
18/05/14 18:40,岳南鉄道線,ジヤトコ前駅〜吉原本町駅,,18,14,5,2018,,
18/05/14 17:35,東京モノレール羽田空港線,羽田空港第2ビル駅,,17,14,5,2018,,
18/05/13 23:51,常磐線,南千住駅,男性 / 死亡,23,13,5,2018,1, 死亡
18/05/13 22:36,都電荒川線,学習院下停留場〜面影橋停留場,,22,13,5,2018,,
18/05/13 11:08,阪急神戸本線,園田駅〜神崎川駅,男性 / 死亡,11,13,5,2018,1, 死亡
18/05/12 20:52,東海道線,野田新町駅〜刈谷駅,,20,12,5,2018,,
18/05/12 10:46,山陰本線,千代川駅,男性 / 死亡,10,12,5,2018,1, 死亡
18/05/10 21:26,高崎線,深谷駅〜岡部駅,男性 / 70代 / 死亡,21,10,5,2018,1, 死亡
18/05/10 18:58,中央快速線,八王子駅,,18,10,5,2018,,
18/05/09 15:30,中央本線,大月駅〜猿橋駅,男性 / 死亡,15,9,5,2018,1, 死亡
18/05/09 15:27,京急本線,戸部駅,,15,9,5,2018,,
18/05/09 14:50,きのくに線,海南駅,男性 / 40代 / 死亡,14,9,5,2018,1, 死亡
18/05/09 12:55,東海道線,茨木駅,女性 / 死亡,12,9,5,2018,0, 死亡
18/05/08 22:24,総武本線,都賀駅〜東千葉駅,男性 / 死亡,22,8,5,2018,1, 死亡
18/05/08 13:34,新京成電鉄新京成線,新津田沼駅〜京成津田沼駅,女性 / 軽傷,13,8,5,2018,0, 軽傷
18/05/08 13:04,近鉄奈良線,東花園駅,男性 / 50代 / 死亡,13,8,5,2018,1, 死亡
18/05/07 22:29,越後線,小針駅〜青山駅,女性 / 10歳未満 / 死亡,22,7,5,2018,0, 死亡
18/05/07 20:45,名鉄常滑線,神宮前駅〜豊田本町駅,男性 / 70代 / 無傷,20,7,5,2018,1, 無傷
18/05/07 19:31,山陽電気鉄道網干線,山陽天満駅〜平松駅,男性 / 70代 / 死亡,19,7,5,2018,1, 死亡
18/05/07 13:54,東急大井町線,北千束駅,,13,7,5,2018,,
18/05/07 10:08,東海道線,平塚駅,女性 / 死亡,10,7,5,2018,0, 死亡
18/05/07 08:06,常磐緩行線,綾瀬駅,,8,7,5,2018,,
18/05/06 18:03,京浜東北線,蒲田駅〜川崎駅,男性 / 40代 / 死亡,18,6,5,2018,1, 死亡
18/05/06 09:18,京阪本線,萱島駅,女性 / 30代 / 死亡,9,6,5,2018,0, 死亡
18/05/06 08:06,JRゆめ咲線,ユニバーサルシティ駅,女性 / 60代 / 重傷,8,6,5,2018,0, 重傷
18/05/05 22:08,東武野田線,豊四季駅,女性 / 20代 / 死亡,22,5,5,2018,0, 死亡
18/05/05 10:35,関西本線,平野駅,女性 / 20代 / 軽傷,10,5,5,2018,0, 軽傷
18/05/05 10:28,近鉄山田線,東松阪駅〜櫛田駅,男性 / 60代 / 死亡,10,5,5,2018,1, 死亡
18/05/04 21:00,宇都宮線,古河駅〜栗橋駅,男性 / 80代 / 死亡,21,4,5,2018,1, 死亡
18/05/04 00:00,新京成電鉄新京成線,松戸駅〜上本郷駅,,0,4,5,2018,,
18/05/03 19:16,阪急神戸本線,十三駅,,19,3,5,2018,,
18/05/03 19:06,中央本線,春日居町駅〜山梨市駅,女性 / 80代 / 死亡,19,3,5,2018,0, 死亡
18/05/02 16:29,JR神戸線,ひめじ別所駅,男性 / 死亡,16,2,5,2018,1, 死亡
18/05/01 23:52,都営地下鉄新宿線,西大島駅,,23,1,5,2018,,
18/05/01 16:00,京急本線,泉岳寺駅,,16,1,5,2018,,
18/05/01 14:20,相鉄本線,相模大塚駅〜さがみ野駅,男性 / 80代 / 無傷,14,1,5,2018,1, 無傷
18/05/01 11:17,京急本線,子安駅,男性 / 40代 / 死亡,11,1,5,2018,1, 死亡
18/05/01 06:45,南武線,武蔵溝ノ口駅〜武蔵新城駅,女性 / 死亡,6,1,5,2018,0, 死亡
18/04/30 22:09,佐世保線,早岐駅〜三河内駅,男性 / 50代 / 死亡,22,30,4,2018,1, 死亡
18/04/30 21:45,中央快速線,三鷹駅,死亡,21,30,4,2018,死亡,死亡
18/04/30 21:12,日豊本線,大在駅〜坂ノ市駅,女性 / 死亡,21,30,4,2018,0, 死亡
18/04/30 16:30,東武野田線,江戸川台駅〜初石駅,男性 / 軽傷,16,30,4,2018,1, 軽傷
18/04/30 09:02,可部線,安芸長束駅〜下祇園駅,男性 / 50代 / 重傷,9,30,4,2018,1, 重傷
18/04/29 21:48,予讃線,新居浜駅〜中萩駅,女性 / 死亡,21,29,4,2018,0, 死亡
18/04/29 19:13,水戸線,笠間駅〜宍戸駅,女性 / 10代 / 死亡,19,29,4,2018,0, 死亡
18/04/29 11:08,山陽本線,広島駅,女性 / 70代 / 重傷,11,29,4,2018,0, 重傷
18/04/29 00:30,中央快速線,吉祥寺駅,男性 / 60代 / 死亡,0,29,4,2018,1, 死亡
18/04/28 23:46,山手線,渋谷駅,男性 / 50代 / 死亡,23,28,4,2018,1, 死亡
18/04/28 14:40,小湊鉄道線,馬立駅〜上総牛久駅,男性 / 50代 / 軽傷,14,28,4,2018,1, 軽傷
18/04/27 23:18,JR神戸線,三ノ宮駅,男性 / 40代 / 重傷,23,27,4,2018,1, 重傷
18/04/27 09:37,近鉄大阪線,大和高田駅〜築山駅,男性 / 死亡,9,27,4,2018,1, 死亡
18/04/26 11:30,京成本線,京成小岩駅,女性 / 50代 / 死亡,11,26,4,2018,0, 死亡
18/04/25 17:21,関西本線,三郷駅,男性 / 20代 / 死亡,17,25,4,2018,1, 死亡
18/04/25 00:40,JR神戸線,垂水駅,男性 / 40代 / 軽傷,0,25,4,2018,1, 軽傷
18/04/24 16:50,東海道線,磐田駅〜豊田町駅,男性 / 死亡,16,24,4,2018,1, 死亡
18/04/24 09:19,成田線,酒々井駅〜成田駅,男性 / 死亡,9,24,4,2018,1, 死亡
18/04/24 00:50,常磐線,天王台駅,男性 / 死亡,0,24,4,2018,1, 死亡
18/04/23 09:23,予讃線,伊予三島駅〜伊予寒川駅,女性 / 70代 / 死亡,9,23,4,2018,0, 死亡
18/04/22 14:50,長野電鉄長野線,朝陽駅〜信濃吉田駅,男性 / 30代 / 死亡,14,22,4,2018,1, 死亡
18/04/21 20:52,福知山線,南矢代駅〜古市駅,男性 / 60代 / 死亡,20,21,4,2018,1, 死亡
18/04/21 20:52,長崎本線,新鳥栖駅〜肥前麓駅,男性 / 60代 / 死亡,20,21,4,2018,1, 死亡
18/04/21 19:15,東京メトロ銀座線,京橋駅,女性 / 60代 / 死亡,19,21,4,2018,0, 死亡
18/04/20 23:06,東武東上線,坂戸駅〜北坂戸駅,女性 / 死亡,23,20,4,2018,0, 死亡
18/04/20 21:30,京成押上線,京成立石駅,,21,20,4,2018,,
18/04/20 12:53,宇都宮線,栗橋駅,,12,20,4,2018,,
18/04/20 10:04,京急本線,汐入駅〜逸見駅,女性 / 20代 / 死亡,10,20,4,2018,0, 死亡
18/04/19 17:08,京阪本線,光善寺駅,女性 / 80代 / 死亡,17,19,4,2018,0, 死亡
18/04/19 12:14,西武池袋線,練馬駅,男性 / 軽傷,12,19,4,2018,1, 軽傷
18/04/19 11:09,京王線,分倍河原駅〜中河原駅,男性 / 80代 / 死亡,11,19,4,2018,1, 死亡
18/04/19 04:49,東海道線,平塚駅,男性 / 60代 / 死亡,4,19,4,2018,1, 死亡
18/04/18 19:10,関西本線,四日市駅,,19,18,4,2018,,
18/04/18 14:52,中央快速線,武蔵境駅,女性 / 20代 / 死亡,14,18,4,2018,0, 死亡
18/04/17 19:31,西武新宿線,東村山駅〜久米川駅,男性 / 死亡,19,17,4,2018,1, 死亡
18/04/17 19:24,東京メトロ千代田線,新御茶ノ水駅,男性 / 40代 / 軽傷,19,17,4,2018,1, 軽傷
18/04/17 18:54,宇都宮線,西那須野駅〜野崎駅,男性 / 30代 / 死亡,18,17,4,2018,1, 死亡
18/04/17 12:45,小海線,八千穂駅〜海瀬駅,男性 / 70代 / 軽傷,12,17,4,2018,1, 軽傷
18/04/16 21:09,鹿児島本線,けやき台駅〜基山駅,女性 / 30代 / 死亡,21,16,4,2018,0, 死亡
18/04/15 23:33,近鉄湯の山線,伊勢松本駅〜中川原駅,40代 / 無傷,23,15,4,2018,40, 無傷
18/04/15 22:10,京阪本線,森小路駅,女性 / 死亡,22,15,4,2018,0, 死亡
18/04/15 14:57,内房線,姉ヶ崎駅,女性 / 60代 / 軽傷,14,15,4,2018,0, 軽傷
18/04/15 13:11,中央快速線,西国分寺駅,女性 / 死亡,13,15,4,2018,0, 死亡
18/04/15 10:07,泉北高速鉄道線,栂・美木多駅,男性 / 死亡,10,15,4,2018,1, 死亡
18/04/14 12:01,東海道線,川崎駅〜品川駅,,12,14,4,2018,,
18/04/13 23:32,名鉄犬山線,江南駅〜柏森駅,女性 / 死亡,23,13,4,2018,0, 死亡
18/04/13 23:20,京急大師線,京急川崎駅〜港町駅,男性 / 50代 / 死亡,23,13,4,2018,1, 死亡
18/04/12 21:25,横須賀線,西大井駅,,21,12,4,2018,,
18/04/12 09:11,新京成電鉄新京成線,薬園台駅,男性 / 死亡,9,12,4,2018,1, 死亡
18/04/11 04:45,予讃線,伊予三芳駅〜伊予桜井駅,男性 / 死亡,4,11,4,2018,1, 死亡
18/04/10 13:43,宇都宮線,赤羽駅〜尾久駅,女性 / 死亡,13,10,4,2018,0, 死亡
18/04/10 12:04,埼京線,新宿駅,,12,10,4,2018,,
18/04/10 08:27,山陽本線,安芸中野駅〜海田市駅,男性 / 80代 / 死亡,8,10,4,2018,1, 死亡
18/04/09 19:48,東武伊勢崎線,西新井駅,男性 / 死亡,19,9,4,2018,1, 死亡
18/04/08 16:41,東急大井町線,尾山台駅〜等々力駅,男性 / 死亡,16,8,4,2018,1, 死亡
18/04/08 15:58,東武伊勢崎線,西新井駅,,15,8,4,2018,,
18/04/08 11:56,いすみ鉄道いすみ線,久我原駅〜総元駅,無傷,11,8,4,2018,無傷,無傷
18/04/07 23:57,中央・総武緩行線,三鷹駅,,23,7,4,2018,,
18/04/07 10:30,肥薩おれんじ鉄道線,出水駅〜西出水駅,女性 / 70代 / 死亡,10,7,4,2018,0, 死亡
18/04/07 09:33,東急田園都市線,梶が谷駅,男性 / 60代 / 死亡,9,7,4,2018,1, 死亡
18/04/05 22:20,奥羽本線,笹木野駅〜庭坂駅,女性 / 死亡,22,5,4,2018,0, 死亡
18/04/05 22:20,京急本線,馬堀海岸駅〜浦賀駅,男性 / 死亡,22,5,4,2018,1, 死亡
18/04/05 14:10,筑肥線,下山門駅〜今宿駅,男性 / 死亡,14,5,4,2018,1, 死亡
18/04/05 11:03,御殿場線,裾野駅〜長泉なめり駅,女性 / 死亡,11,5,4,2018,0, 死亡
18/04/05 10:48,近鉄名古屋線,千代崎駅〜白子駅,女性 / 50代 / 死亡,10,5,4,2018,0, 死亡
18/04/05 09:09,東海道線,西岐阜駅,男性 / 30代 / 死亡,9,5,4,2018,1, 死亡
18/04/04 22:08,京王線,高幡不動駅〜南平駅,男性 / 70代 / 死亡,22,4,4,2018,1, 死亡
18/04/04 13:32,中央快速線,立川駅,男性 / 30代 / 死亡,13,4,4,2018,1, 死亡
18/04/04 11:02,小田急小田原線,生田駅〜読売ランド前駅,女性 / 70代 / 死亡,11,4,4,2018,0, 死亡
18/04/04 09:11,JR神戸線,東加古川駅,男性 / 70代 / 軽傷,9,4,4,2018,1, 軽傷
18/04/04 01:35,東海道線,三島駅〜沼津駅,,1,4,4,2018,,
18/04/03 23:06,常磐線,水戸駅〜赤塚駅,男性 / 70代 / 軽傷,23,3,4,2018,1, 軽傷
18/04/03 13:02,京王線,つつじヶ丘駅,女性 / 20代 / 死亡,13,3,4,2018,0, 死亡
18/04/02 20:21,奈良線,新田駅〜JR小倉駅,男性 / 死亡,20,2,4,2018,1, 死亡
18/04/02 13:40,久大本線,田主丸駅〜筑後吉井駅,女性 / 死亡,13,2,4,2018,0, 死亡
18/04/02 10:05,鹿児島本線,春日駅,男性 / 死亡,10,2,4,2018,1, 死亡
18/04/02 05:41,津山線,備前原駅〜法界院駅,男性 / 60代 / 死亡,5,2,4,2018,1, 死亡
18/04/01 21:47,山陽本線,三石駅,,21,1,4,2018,,
18/04/01 12:30,富山地方鉄道本線,東新庄駅〜越中荏原駅,女性 / 10歳未満 / 重傷,12,1,4,2018,0, 重傷
18/04/01 06:14,名鉄常滑線,柴田駅,男性 / 20代 / 死亡,6,1,4,2018,1, 死亡
18/04/01 00:50,奥羽本線,土崎駅,男性 / 40代 / 重傷,0,1,4,2018,1, 重傷
18/04/01 00:00,静岡鉄道静岡清水線,日吉町駅〜音羽町駅,男性 / 20代 / 無傷,0,1,4,2018,1, 無傷
18/03/31 15:28,常磐線,南千住駅,,15,31,3,2018,,
18/03/31 09:19,南海本線,岸里玉出駅,男性 / 死亡,9,31,3,2018,1, 死亡
18/03/30 21:39,小田急小田原線,伊勢原駅〜愛甲石田駅,男性 / 死亡,21,30,3,2018,1, 死亡
18/03/29 19:00,新京成電鉄新京成線,初富駅〜鎌ヶ谷大仏駅,男性 / 死亡,19,29,3,2018,1, 死亡
18/03/29 16:03,東海道線,幸田駅〜相見駅,死亡,16,29,3,2018,死亡,死亡
18/03/29 14:57,名古屋市営地下鉄鶴舞線,庄内緑地公園駅,,14,29,3,2018,,
18/03/29 14:45,可部線,大町駅,男性 / 60代 / 重傷,14,29,3,2018,1, 重傷
18/03/29 09:34,横浜線,矢部駅,男性 / 10代 / 死亡,9,29,3,2018,1, 死亡
18/03/28 06:57,阪急京都本線,大山崎駅,男性 / 20代 / 軽傷,6,28,3,2018,1, 軽傷
18/03/27 19:14,越美北線,牛ヶ原駅〜北大野駅,,19,27,3,2018,,
18/03/26 16:04,東北本線,油島駅〜石越駅,10代 / 軽傷,16,26,3,2018,10, 軽傷
18/03/25 19:56,小田急江ノ島線,南林間駅,女性 / 死亡,19,25,3,2018,0, 死亡
18/03/25 19:10,福知山線,三田駅〜道場駅,男性 / 死亡,19,25,3,2018,1, 死亡
18/03/25 17:25,近鉄名古屋線,磯山駅〜鼓ヶ浦駅,男性 / 20代 / 死亡,17,25,3,2018,1, 死亡
18/03/25 15:57,大阪市営地下鉄谷町線,東梅田駅,男性 / 重傷,15,25,3,2018,1, 重傷
18/03/25 14:46,東北本線,北白川駅〜東白石駅,,14,25,3,2018,,
18/03/25 07:18,中央快速線,荻窪駅,,7,25,3,2018,,
18/03/24 18:13,青梅線,立川駅〜西立川駅,,18,24,3,2018,,
18/03/23 23:14,東武東上線,若葉駅〜鶴ヶ島駅,男性 / 40代 / 死亡,23,23,3,2018,1, 死亡
18/03/23 22:31,西武池袋線,狭山ヶ丘駅,女性 / 60代 / 死亡,22,23,3,2018,0, 死亡
18/03/23 21:01,日豊本線,蓮ヶ池駅〜日向住吉駅,,21,23,3,2018,,
18/03/22 11:45,東海道線,京都駅,男性 / 40代 / 死亡,11,22,3,2018,1, 死亡
18/03/22 08:30,長崎電気軌道1号系統,銭座町停留場〜宝町停留場,無傷,8,22,3,2018,無傷,無傷
18/03/21 22:57,外房線,誉田駅〜鎌取駅,男性 / 死亡,22,21,3,2018,1, 死亡
18/03/21 09:10,新京成電鉄新京成線,八柱駅〜常盤平駅,男性 / 死亡,9,21,3,2018,1, 死亡
18/03/21 00:08,阪急千里線,淡路駅〜柴島駅,男性 / 軽傷,0,21,3,2018,1, 軽傷
18/03/20 22:49,西武多摩湖線,国分寺駅〜一橋学園駅,,22,20,3,2018,,
18/03/20 15:10,東武伊勢崎線,南羽生駅〜羽生駅,女性 / 死亡,15,20,3,2018,0, 死亡
18/03/20 14:42,内房線,安房勝山駅〜保田駅,女性 / 40代 / 軽傷,14,20,3,2018,0, 軽傷
18/03/20 13:12,阪急京都本線,富田駅,女性 / 死亡,13,20,3,2018,0, 死亡
18/03/20 12:53,紀勢本線,串本駅〜紀伊有田駅,男性 / 70代 / 軽傷,12,20,3,2018,1, 軽傷
18/03/19 23:54,高山本線,東八尾駅〜笹津駅,男性 / 死亡,23,19,3,2018,1, 死亡
18/03/19 20:22,東武日光線,静和駅〜新大平下駅,,20,19,3,2018,,
18/03/19 15:55,伊予鉄道高浜線,山西駅〜西衣山駅,男性 / 60代 / 死亡,15,19,3,2018,1, 死亡
18/03/19 15:54,阪急京都本線,上牧駅,男性 / 20代 / 死亡,15,19,3,2018,1, 死亡
18/03/19 12:57,東北本線,村崎野駅〜北上駅,男性 / 死亡,12,19,3,2018,1, 死亡
18/03/18 20:38,中央・総武緩行線,阿佐ヶ谷駅,,20,18,3,2018,,
18/03/18 19:53,和歌山線,橋本駅〜下兵庫駅,男性 / 60代 / 死亡,19,18,3,2018,1, 死亡
18/03/18 15:55,相模線,入谷駅〜相武台下駅,男性 / 10代 / 死亡,15,18,3,2018,1, 死亡
18/03/18 11:50,篠ノ井線,松本駅〜田沢駅,女性 / 死亡,11,18,3,2018,0, 死亡
18/03/17 23:27,武蔵野線,吉川駅,男性 / 40代 / 死亡,23,17,3,2018,1, 死亡
18/03/17 22:33,名鉄名古屋本線,栄生駅,,22,17,3,2018,,
18/03/17 20:50,東海道線,三河安城駅〜安城駅,,20,17,3,2018,,
18/03/17 19:24,京浜東北線,西日暮里駅,,19,17,3,2018,,
18/03/17 11:55,山陽本線,福山駅〜備後赤坂駅,男性 / 80代 / 死亡,11,17,3,2018,1, 死亡
18/03/17 10:35,学研都市線,野崎駅,男性 / 死亡,10,17,3,2018,1, 死亡
18/03/16 01:00,阪急京都本線,南茨木駅〜摂津市駅,女性 / 死亡,1,16,3,2018,0, 死亡
18/03/15 13:32,中央快速線,吉祥寺駅,,13,15,3,2018,,
18/03/15 12:02,湖西線,おごと温泉駅,女性 / 50代 / 死亡,12,15,3,2018,0, 死亡
18/03/14 17:31,中央本線,みどり湖駅,,17,14,3,2018,,
18/03/14 15:07,東京メトロ東西線,南行徳駅,男性 / 死亡,15,14,3,2018,1, 死亡
18/03/13 19:20,北陸本線,丸岡駅〜芦原温泉駅,女性 / 60代 / 無傷,19,13,3,2018,0, 無傷
18/03/12 23:53,西武池袋線,石神井公園駅,,23,12,3,2018,,
18/03/12 20:28,近鉄奈良線,枚岡駅,男性 / 軽傷,20,12,3,2018,1, 軽傷
18/03/12 19:48,小田急江ノ島線,桜ヶ丘駅〜高座渋谷駅,男性 / 10代 / 死亡,19,12,3,2018,1, 死亡
18/03/11 23:19,名鉄常滑線,名和駅,男性 / 20代 / 死亡,23,11,3,2018,1, 死亡
18/03/10 18:34,中央快速線,国立駅,男性 / 死亡,18,10,3,2018,1, 死亡
18/03/10 15:35,近江鉄道八日市線,市辺駅〜平田駅,,15,10,3,2018,,
18/03/10 09:50,西鉄天神大牟田線,西鉄小郡駅,女性 / 40代 / 軽傷,9,10,3,2018,0, 軽傷
18/03/10 05:05,総武快速線,馬喰町駅,男性 / 40代 / 死亡,5,10,3,2018,1, 死亡
18/03/09 20:39,京成本線,京成津田沼駅,男性 / 20代 / 軽傷,20,9,3,2018,1, 軽傷
18/03/09 15:28,横浜線,古淵駅〜淵野辺駅,死亡,15,9,3,2018,死亡,死亡
18/03/09 07:50,東武東上線,坂戸駅〜若葉駅,女性 / 死亡,7,9,3,2018,0, 死亡
18/03/09 05:34,東海道線,新橋駅,,5,9,3,2018,,
18/03/08 23:08,新京成電鉄新京成線,三咲駅,男性 / 死亡,23,8,3,2018,1, 死亡
18/03/07 20:23,関東鉄道常総線,下妻駅〜大宝駅,,20,7,3,2018,,
18/03/07 19:04,東京メトロ日比谷線,仲御徒町駅,,19,7,3,2018,,
18/03/07 13:20,東急田園都市線,宮崎台駅,,13,7,3,2018,,
18/03/06 17:45,高松琴平電気鉄道琴平線,空港通り駅〜一宮駅,女性 / 50代 / 死亡,17,6,3,2018,0, 死亡
18/03/06 12:25,京成本線,京成大和田駅,男性 / 30代 / 死亡,12,6,3,2018,1, 死亡
18/03/06 10:13,中央快速線,武蔵小金井駅,,10,6,3,2018,,
18/03/03 19:38,日光線,今市駅〜日光駅,,19,3,3,2018,,
18/03/03 14:18,仙山線,東北福祉大前駅,,14,3,3,2018,,
18/03/03 12:30,伊勢鉄道伊勢線,伊勢上野駅〜河芸駅,男性 / 10歳未満 / 死亡,12,3,3,2018,1, 死亡
18/03/02 17:00,東武伊勢崎線,北越谷駅〜大袋駅,,17,2,3,2018,,
18/03/02 14:44,西武新宿線,沼袋駅〜新井薬師前駅,,14,2,3,2018,,
18/03/02 11:35,札幌市営地下鉄東西線,南郷18丁目駅,男性 / 軽傷,11,2,3,2018,1, 軽傷
18/03/01 23:35,東海道線,大府駅,,23,1,3,2018,,
18/03/01 00:53,横須賀線,久里浜駅〜衣笠駅,男性 / 死亡,0,1,3,2018,1, 死亡
18/02/27 22:30,内房線,九重駅〜館山駅,男性 / 40代 / 死亡,22,27,2,2018,1, 死亡
18/02/27 18:43,宇都宮線,蕨駅〜南浦和駅,男性 / 70代 / 死亡,18,27,2,2018,1, 死亡
18/02/27 14:18,関西本線,東部市場前駅,死亡,14,27,2,2018,死亡,死亡
18/02/27 00:23,近鉄南大阪線,矢田駅〜河内天美駅,男性 / 死亡,0,27,2,2018,1, 死亡
18/02/25 22:20,近鉄南大阪線,矢田駅〜河内天美駅,男性 / 死亡,22,25,2,2018,1, 死亡
18/02/25 21:52,南海高野線,浅香山駅,男性 / 死亡,21,25,2,2018,1, 死亡
18/02/25 21:10,名鉄名古屋本線,桜駅〜呼続駅,男性 / 60代 / 死亡,21,25,2,2018,1, 死亡
18/02/25 07:13,鹿児島本線,門司駅〜門司港駅,男性 / 60代 / 死亡,7,25,2,2018,1, 死亡
18/02/24 19:20,室蘭本線,虎杖浜駅〜竹浦駅,,19,24,2,2018,,
18/02/24 17:51,近鉄京都線,寺田駅〜富野荘駅,女性 / 死亡,17,24,2,2018,0, 死亡
18/02/24 16:37,南武線,武蔵溝ノ口駅,男性 / 死亡,16,24,2,2018,1, 死亡
18/02/24 06:26,東武伊勢崎線,谷塚駅,女性 / 死亡,6,24,2,2018,0, 死亡
18/02/24 03:10,宇都宮線,那須塩原駅〜西那須野駅,不明,3,24,2,2018,不明,不明
18/02/23 23:01,山手線,浜松町駅,,23,23,2,2018,,
18/02/23 08:16,日田彦山線,一本松駅〜香春駅,男性 / 重傷,8,23,2,2018,1, 重傷
18/02/23 05:32,名鉄名古屋本線,呼続駅〜堀田駅,女性 / 80代 / 死亡,5,23,2,2018,0, 死亡
18/02/22 23:12,南海本線,羽倉崎駅,男性 / 軽傷,23,22,2,2018,1, 軽傷
18/02/22 09:29,大阪市営地下鉄谷町線,出戸駅,男性 / 70代 / 軽傷,9,22,2,2018,1, 軽傷
18/02/22 06:40,東武伊勢崎線,北千住駅〜牛田駅,男性 / 80代 / 死亡,6,22,2,2018,1, 死亡
18/02/21 21:30,阪神本線,西宮駅,男性 / 60代 / 死亡,21,21,2,2018,1, 死亡
18/02/21 05:44,武蔵野線,市川大野駅〜船橋法典駅,女性 / 死亡,5,21,2,2018,0, 死亡
18/02/20 23:27,相鉄本線,鶴ヶ峰駅,女性 / 10代 / 死亡,23,20,2,2018,0, 死亡
18/02/20 19:04,きのくに線,紀伊宮原駅,女性 / 60代 / 死亡,19,20,2,2018,0, 死亡
18/02/20 08:50,青梅線,東青梅駅,,8,20,2,2018,,
18/02/20 08:42,土讃線,小村神社前駅〜波川駅,,8,20,2,2018,,
18/02/19 18:46,常磐線,荒川沖駅〜ひたち野うしく駅,,18,19,2,2018,,
18/02/19 13:04,京王相模原線,京王堀之内駅,,13,19,2,2018,,
18/02/18 06:02,近鉄南大阪線,尺土駅,,6,18,2,2018,,
18/02/17 20:52,京急空港線,穴守稲荷駅,男性 / 死亡,20,17,2,2018,1, 死亡
18/02/17 11:18,水郡線,常陸鴻巣駅〜瓜連駅,,11,17,2,2018,,
18/02/17 09:13,東海道線,野洲駅,男性 / 死亡,9,17,2,2018,1, 死亡
18/02/17 09:00,京急本線,京急川崎駅〜八丁畷駅,,9,17,2,2018,,
18/02/17 07:19,鹿児島本線,福間駅〜千鳥駅,男性 / 死亡,7,17,2,2018,1, 死亡
18/02/15 18:00,山陽電気鉄道本線,山陽塩屋駅,男性 / 死亡,18,15,2,2018,1, 死亡
18/02/15 13:15,東武東上線,志木駅,,13,15,2,2018,,
18/02/15 09:34,中央快速線,西国分寺駅,,9,15,2,2018,,
18/02/15 06:12,小田急小田原線,町田駅,,6,15,2,2018,,
18/02/14 19:51,関西本線,八尾駅〜志紀駅,死亡,19,14,2,2018,死亡,死亡
18/02/14 17:35,阪急京都本線,上牧駅,男性 / 10代 / 死亡,17,14,2,2018,1, 死亡
18/02/14 09:45,大阪市営地下鉄御堂筋線,東三国駅,男性 / 60代 / 死亡,9,14,2,2018,1, 死亡
18/02/13 22:46,学研都市線,野崎駅,,22,13,2,2018,,
18/02/13 13:43,因美線,三浦駅〜美作滝尾駅,女性 / 死亡,13,13,2,2018,0, 死亡
18/02/13 10:02,山手線,渋谷駅,,10,13,2,2018,,
18/02/13 08:35,高徳線,三本松駅〜讃岐白鳥駅,女性 / 40代 / 無傷,8,13,2,2018,0, 無傷
18/02/12 23:50,近鉄名古屋線,伊勢中川駅〜桃園駅,男性 / 死亡,23,12,2,2018,1, 死亡
18/02/12 23:35,青い森鉄道線,野内駅,男性 / 死亡,23,12,2,2018,1, 死亡
18/02/12 13:46,予讃線,伊予吉田駅,女性 / 死亡,13,12,2,2018,0, 死亡
18/02/11 22:25,東武東上線,北坂戸駅,男性 / 30代 / 死亡,22,11,2,2018,1, 死亡
18/02/10 06:14,東武東上線,新河岸駅〜上福岡駅,男性 / 30代 / 死亡,6,10,2,2018,1, 死亡
18/02/09 14:47,関東鉄道常総線,中妻駅〜三妻駅,女性 / 60代 / 死亡,14,9,2,2018,0, 死亡
18/02/08 20:18,南海本線,岡田浦駅,男性 / 40代 / 死亡,20,8,2,2018,1, 死亡
18/02/08 08:27,中央快速線,阿佐ヶ谷駅,,8,8,2,2018,,
18/02/08 06:01,山陽本線,大道駅〜四辻駅,,6,8,2,2018,,
18/02/08 00:01,東海道線,米原駅,男性 / 60代 / 死亡,0,8,2,2018,1, 死亡
18/02/07 22:20,JR神戸線,姫路駅,男性 / 軽傷,22,7,2,2018,1, 軽傷
18/02/07 18:46,南武線,谷保駅〜西府駅,,18,7,2,2018,,
18/02/07 18:37,長崎本線,鍋島駅〜佐賀駅,男性 / 10代 / 無傷,18,7,2,2018,1, 無傷
18/02/07 17:07,中央快速線,豊田駅,,17,7,2,2018,,
18/02/07 14:04,西武新宿線,井荻駅,,14,7,2,2018,,
18/02/07 11:20,武蔵野線,東所沢駅〜新秋津駅,,11,7,2,2018,,
18/02/07 08:39,東北本線,館腰駅〜名取駅,男性 / 80代 / 死亡,8,7,2,2018,1, 死亡
18/02/06 21:00,大阪市営地下鉄谷町線,長原駅,,21,6,2,2018,,
18/02/06 13:55,都営地下鉄新宿線,菊川駅,,13,6,2,2018,,
18/02/05 20:13,名鉄河和線,八幡新田駅〜南加木屋駅,,20,5,2,2018,,
18/02/05 15:37,東京メトロ半蔵門線,水天宮前駅,男性 / 軽傷,15,5,2,2018,1, 軽傷
18/02/05 15:07,神戸市営地下鉄西神・山手線,学園都市駅,女性 / 30代 / 死亡,15,5,2,2018,0, 死亡
18/02/05 13:39,東武東上線,坂戸駅〜若葉駅,男性 / 50代 / 死亡,13,5,2,2018,1, 死亡
18/02/05 07:55,京成本線,東中山駅,男性 / 死亡,7,5,2,2018,1, 死亡
18/02/05 06:55,草津線,石部駅〜手原駅,死亡,6,5,2,2018,死亡,死亡
18/02/04 21:53,小田急小田原線,鶴川駅〜玉川学園前駅,,21,4,2,2018,,
18/02/04 08:30,富山地方鉄道本線,中滑川駅〜西滑川駅,男性 / 無傷,8,4,2,2018,1, 無傷
18/02/03 21:35,成田線,成田駅,男性,21,3,2,2018,1,男性
18/02/03 20:45,宇都宮線,上野駅,男性 / 軽傷,20,3,2,2018,1, 軽傷
18/02/02 23:35,近鉄山田線,斎宮駅〜明星駅,男性 / 40代 / 死亡,23,2,2,2018,1, 死亡
18/02/02 22:06,小田急小田原線,読売ランド前駅〜百合ヶ丘駅,男性 / 死亡,22,2,2,2018,1, 死亡
18/02/02 14:42,磐越西線,堂島駅〜笈川駅,,14,2,2,2018,,
18/02/02 12:09,名鉄名古屋本線,有松駅〜中京競馬場前駅,,12,2,2,2018,,
18/02/02 10:22,東京メトロ東西線,落合駅,,10,2,2,2018,,
18/02/02 09:24,高崎線,倉賀野駅〜高崎駅,,9,2,2,2018,,
18/02/01 20:42,福北ゆたか線,柚須駅〜原町駅,,20,1,2,2018,,
18/02/01 17:47,京王井の頭線,永福町駅〜西永福駅,女性 / 70代 / 死亡,17,1,2,2018,0, 死亡
18/02/01 14:10,京阪本線,萱島駅,男性 / 70代 / 死亡,14,1,2,2018,1, 死亡
18/02/01 11:35,信越本線,亀田駅,,11,1,2,2018,,
18/02/01 10:30,大阪市営地下鉄御堂筋線,長居駅,男性 / 40代 / 軽傷,10,1,2,2018,1, 軽傷
18/02/01 07:57,東海道線,新橋駅,,7,1,2,2018,,
18/01/31 18:13,総武快速線,新小岩駅,,18,31,1,2018,,
18/01/31 15:27,山陽本線,中庄駅,,15,31,1,2018,,
18/01/31 12:45,西武新宿線,井荻駅,女性 / 10代 / 死亡,12,31,1,2018,0, 死亡
18/01/31 10:38,近鉄京都線,新田辺駅〜興戸駅,男性 / 70代 / 死亡,10,31,1,2018,1, 死亡
18/01/30 07:35,東武伊勢崎線,曳舟駅,,7,30,1,2018,,
18/01/30 07:30,釧網本線,知床斜里駅〜止別駅,男性 / 20代 / 無傷,7,30,1,2018,1, 無傷
18/01/28 09:21,鹿児島本線,大野下駅〜玉名駅,男性 / 20代 / 死亡,9,28,1,2018,1, 死亡
18/01/27 20:15,近江鉄道八日市線,近江八幡駅〜武佐駅,無傷,20,27,1,2018,無傷,無傷
18/01/27 15:08,東海道線,名古屋駅,女性 / 60代 / 軽傷,15,27,1,2018,0, 軽傷
18/01/27 11:18,高崎線,行田駅,男性,11,27,1,2018,1,男性
18/01/27 07:20,東海道線,枇杷島駅〜清洲駅,男性 / 死亡,7,27,1,2018,1, 死亡
18/01/27 01:30,東海道線,西大路駅,女性 / 30代 / 死亡,1,27,1,2018,0, 死亡
18/01/26 20:10,八高線,金子駅〜東飯能駅,男性 / 70代 / 死亡,20,26,1,2018,1, 死亡
18/01/26 18:43,弥彦線,吉田駅〜西燕駅,男性 / 無傷,18,26,1,2018,1, 無傷
18/01/26 18:32,鹿児島本線,門司駅,,18,26,1,2018,,
18/01/26 18:20,西武池袋線,元加治駅〜飯能駅,,18,26,1,2018,,
18/01/26 11:38,西武池袋線,元加治駅〜飯能駅,男性 / 70代 / 重傷,11,26,1,2018,1, 重傷
18/01/26 08:48,芸備線,志和口駅〜井原市駅,男性 / 軽傷,8,26,1,2018,1, 軽傷
18/01/25 22:27,中央本線,千種駅,,22,25,1,2018,,
18/01/25 18:20,富山地方鉄道本線,越中荏原駅〜越中三郷駅,男性 / 40代 / 軽傷,18,25,1,2018,1, 軽傷
18/01/25 14:46,大糸線,ヤナバスキー場前駅〜南神城駅,無傷,14,25,1,2018,無傷,無傷
18/01/25 08:24,横須賀線,東戸塚駅,死亡,8,25,1,2018,死亡,死亡
18/01/24 14:29,IRいしかわ鉄道線,森本駅〜東金沢駅,女性 / 30代 / 軽傷,14,24,1,2018,0, 軽傷
18/01/23 18:58,中央・総武緩行線,千葉駅〜西千葉駅,男性 / 死亡,18,23,1,2018,1, 死亡
18/01/23 12:00,京急本線,日ノ出町駅,死亡,12,23,1,2018,死亡,死亡
18/01/23 10:00,室蘭本線,栗沢駅〜志文駅,男性 / 80代 / 重傷,10,23,1,2018,1, 重傷
18/01/22 19:30,東金線,成東駅〜求名駅,男性 / 70代 / 死亡,19,22,1,2018,1, 死亡
18/01/22 14:45,日豊本線,南小倉駅〜城野駅,,14,22,1,2018,,
18/01/22 11:49,埼京線,中浦和駅,女性 / 死亡,11,22,1,2018,0, 死亡
18/01/22 07:25,南海高野線,百舌鳥八幡駅,男性 / 70代 / 軽傷,7,22,1,2018,1, 軽傷
18/01/21 17:36,総武快速線,新小岩駅,,17,21,1,2018,,
18/01/21 16:51,JR神戸線,朝霧駅,女性,16,21,1,2018,0,女性
18/01/21 09:14,鹿児島本線,千早駅,,9,21,1,2018,,
18/01/20 23:48,JR神戸線,土山駅,男性 / 死亡,23,20,1,2018,1, 死亡
18/01/20 20:10,名鉄名古屋本線,新安城駅,男性 / 50代 / 死亡,20,20,1,2018,1, 死亡
18/01/20 12:35,京急本線,弘明寺駅〜井土ヶ谷駅,,12,20,1,2018,,
18/01/19 12:03,和歌山線,五条駅〜北宇智駅,,12,19,1,2018,,
18/01/19 11:21,東急田園都市線,たまプラーザ駅,,11,19,1,2018,,
18/01/19 11:15,総武本線,都賀駅,男性 / 死亡,11,19,1,2018,1, 死亡
18/01/18 21:53,成田線,小見川駅〜笹川駅,男性 / 死亡,21,18,1,2018,1, 死亡
18/01/18 19:53,東武伊勢崎線,武里駅〜一ノ割駅,女性 / 死亡,19,18,1,2018,0, 死亡
18/01/18 14:30,身延線,入山瀬駅〜富士根駅,男性 / 10代 / 死亡,14,18,1,2018,1, 死亡
18/01/17 23:37,高崎線,岡部駅,男性 / 10代 / 死亡,23,17,1,2018,1, 死亡
18/01/17 05:52,和歌山線,五条駅〜北宇智駅,,5,17,1,2018,,
18/01/17 05:15,東武野田線,梅郷駅〜運河駅,死亡,5,17,1,2018,死亡,死亡
18/01/16 23:54,関西本線,富田浜駅〜四日市駅,男性 / 70代 / 死亡,23,16,1,2018,1, 死亡
18/01/16 14:07,豊肥本線,原水駅〜三里木駅,女性 / 80代 / 無傷,14,16,1,2018,0, 無傷
18/01/16 13:35,宇都宮線,白岡駅,男性,13,16,1,2018,1,男性
18/01/16 09:40,神戸電鉄粟生線,恵比須駅〜三木上の丸駅,女性 / 40代 / 重傷,9,16,1,2018,0, 重傷
18/01/16 06:54,関西本線,井田川駅〜加佐登駅,男性 / 50代 / 死亡,6,16,1,2018,1, 死亡
18/01/16 00:07,京浜東北線,鶴見駅〜新子安駅,女性 / 死亡,0,16,1,2018,0, 死亡
18/01/15 13:59,近鉄南大阪線,布忍駅〜高見の里駅,女性 / 60代 / 死亡,13,15,1,2018,0, 死亡
18/01/14 22:00,南海高野線,大阪狭山市駅〜金剛駅,男性 / 60代 / 死亡,22,14,1,2018,1, 死亡
18/01/14 20:02,鹿児島本線,箱崎駅,女性,20,14,1,2018,0,女性
18/01/14 19:07,仙山線,北山駅,男性 / 20代 / 死亡,19,14,1,2018,1, 死亡
18/01/14 19:02,近鉄名古屋線,千代崎駅〜白子駅,女性 / 死亡,19,14,1,2018,0, 死亡
18/01/14 15:35,松浦鉄道西九州線,泉福寺駅〜山の田駅,男性 / 50代 / 無傷,15,14,1,2018,1, 無傷
18/01/13 11:16,宇都宮線,矢板駅,男性 / 10代 / 死亡,11,13,1,2018,1, 死亡
18/01/13 09:14,相鉄本線,星川駅,男性 / 死亡,9,13,1,2018,1, 死亡
18/01/13 08:00,室蘭本線,虎杖浜駅〜竹浦駅,男性 / 50代 / 無傷,8,13,1,2018,1, 無傷
18/01/13 00:18,京急久里浜線,堀ノ内駅〜新大津駅,男性 / 20代 / 重傷,0,13,1,2018,1, 重傷
18/01/12 22:10,山陽本線,八本松駅〜寺家駅,男性 / 死亡,22,12,1,2018,1, 死亡
18/01/12 16:02,日豊本線,亀川駅〜別府大学駅,男性 / 死亡,16,12,1,2018,1, 死亡
18/01/12 15:30,JR神戸線,曽根駅〜宝殿駅,女性 / 死亡,15,12,1,2018,0, 死亡
18/01/12 09:30,高崎線,神保原駅,,9,12,1,2018,,
18/01/12 06:47,都電荒川線,庚申塚停留場,,6,12,1,2018,,
18/01/12 01:15,越後線,内野駅〜内野西が丘駅,無傷,1,12,1,2018,無傷,無傷
18/01/11 22:19,東北本線,石鳥谷駅〜日詰駅,男性 / 死亡,22,11,1,2018,1, 死亡
18/01/11 21:33,予讃線,八幡浜駅,,21,11,1,2018,,
18/01/11 20:25,関西本線,柏原駅,死亡,20,11,1,2018,死亡,死亡
18/01/11 20:19,函館本線,七飯駅,男性 / 死亡,20,11,1,2018,1, 死亡
18/01/11 17:55,呉線,矢野駅,女性 / 60代 / 死亡,17,11,1,2018,0, 死亡
18/01/11 10:39,近鉄大阪線,桜井駅〜大和朝倉駅,女性 / 20代 / 死亡,10,11,1,2018,0, 死亡
18/01/10 17:37,東武伊勢崎線,館林駅〜多々良駅,,17,10,1,2018,,
18/01/10 14:30,山陽電気鉄道本線,西舞子駅〜大蔵谷駅,,14,10,1,2018,,
18/01/10 09:51,京阪本線,深草駅,男性 / 10代 / 死亡,9,10,1,2018,1, 死亡
18/01/09 21:35,京浜東北線,浜松町駅,男性 / 死亡,21,9,1,2018,1, 死亡
18/01/09 13:20,札幌市営地下鉄南北線,大通駅,女性 / 50代 / 軽傷,13,9,1,2018,0, 軽傷
18/01/09 11:38,名鉄河和線,上ゲ駅,女性 / 10代 / 重傷,11,9,1,2018,0, 重傷
18/01/08 15:59,中央快速線,西国分寺駅,男性 / 死亡,15,8,1,2018,1, 死亡
18/01/08 12:20,千歳線,恵み野駅,男性 / 死亡,12,8,1,2018,1, 死亡
18/01/08 10:50,小田急小田原線,開成駅〜栢山駅,男性 / 死亡,10,8,1,2018,1, 死亡
18/01/07 22:13,神戸電鉄粟生線,志染駅,男性 / 70代 / 軽傷,22,7,1,2018,1, 軽傷
18/01/07 17:49,高崎線,上尾駅〜宮原駅,男性 / 80代 / 死亡,17,7,1,2018,1, 死亡
18/01/07 06:34,東海道線,千里丘駅,男性 / 40代 / 死亡,6,7,1,2018,1, 死亡
18/01/06 16:22,筑豊本線,桂川駅〜上穂波駅,,16,6,1,2018,,
18/01/06 11:00,奥羽本線,米沢駅〜関根駅,不明,11,6,1,2018,不明,不明
18/01/05 18:46,阪和線,和泉府中駅〜久米田駅,,18,5,1,2018,,
18/01/05 08:01,東海道線,清水駅〜草薙駅,男性 / 60代 / 死亡,8,5,1,2018,1, 死亡
18/01/05 07:54,東海道線,長岡京駅,女性 / 40代 / 軽傷,7,5,1,2018,0, 軽傷
18/01/04 14:18,予讃線,伊予石城駅〜双岩駅,男性 / 死亡,14,4,1,2018,1, 死亡
18/01/04 11:11,都営地下鉄新宿線,一之江駅,男性 / 50代 / 死亡,11,4,1,2018,1, 死亡
18/01/03 17:30,会津鉄道会津線,会津田島駅,男性 / 30代 / 無傷,17,3,1,2018,1, 無傷
18/01/03 07:05,東武東上線,ふじみ野駅〜鶴瀬駅,女性 / 40代 / 死亡,7,3,1,2018,0, 死亡
18/01/02 17:50,東武東上線,朝霞台駅,女性 / 死亡,17,2,1,2018,0, 死亡
18/01/02 05:58,東武東上線,坂戸駅〜若葉駅,女性 / 死亡,5,2,1,2018,0, 死亡
